album_id,album_name,album_release_date
19,Bieber Fever Tour Life,2024-12-06
20,S.A.M.O.,2025-01-17
18,rosie,2024-12-06
6,Die With A Smile,2024-08-16
21,DEBARAS,2025-01-29
22,Impostor syndrom,2024-11-08
23,Painkillers,2024-11-22
4,Hurry Up Tomorrow,2025-01-31
1,Abracadabra,2025-02-03
24,HIT ME HARD AND SOFT,2024-05-17
25,Y0L0.5,2025-01-24
26,VOJNA,2024-06-07
27,Sailor Song,2024-07-26
28,Iné Plemená,2024-12-12
29,The Secret of Us (Deluxe),2024-10-18
45,MUSE,2024-07-19
46,Vino să te f,2024-12-14
47,Anglia,2024-11-01
48,ANGELINA JOLIE,2025-01-21
49,Mercedes,2024-08-09
50,Meneaito,2024-12-13
51,Baklava,2024-04-15
52,Vreau,2024-10-18
53,"Yali, Yali",2024-08-14
54,Jenifer buci de fier,2023-03-25
55,REGINA,2024-04-12
56,NUMAI FEMEI,2022-06-26
57,"A venit poliția (From ""Candidatul perfect"" The Movie)",2024-10-11
58,Spania,2024-09-27
59,Oh Garota Eu Quero Você Só Pra Mim,2024-12-17
60,DeBÍ TiRAR MáS FOToS,2025-01-05
61,Carta de Alforria,2024-11-08
62,Fui Mlk,2024-11-22
63,Resenha do Arrocha,2024-11-29
64,Penélope Charmosa 2,2024-09-27
65,FIM DO NADA,2025-01-31
66,Do Job,2024-11-11
38,This Wasn't Meant For You Anyway,2024-06-21
67,Barbie,2024-10-18
68,Si Antes Te Hubiera Conocido,2024-06-21
90,Ga Dan!,2025-01-17
91,Waka,2025-01-24
43,I've Tried Everything But Therapy (Part 2),2025-01-24
92,Dirty Cash (Money Talks),2024-11-15
93,Hotel,2025-01-31
94,Blikkendag,2024-09-22
95,Spijt Is Voor Later,2024-12-13
96,Terug In De Tijd,2023-06-02
97,Alleen Met Jou,2024-09-27
98,Still Into You,2024-10-25
99,I Surrender (Remix),2024-12-06
100,SOS,2024-12-05
79,The Days (NOTION Remix),2024-11-08
101,Not Like Us,2024-05-04
102,I Smoked Away My Brain (I'm God x Demons Mashup) (feat. Imogen Heap & Clams Casino),2023-08-18
17,Brat and it’s completely different but also still brat,2024-10-11
103,Fianchetto,2022-01-14
104,En Prise,2024-03-29
105,GNX,2024-11-22
106,Fireworks & Rollerblades,2024-04-05
107,LE NORD SE SOUVIENT,2024-11-21
107,LE NORD SE SOUVIENT,2024-09-13
108,From Zero,2024-11-15
109,APOCALYPSE,2024-11-29
110,Plastika,2024-03-21
111,Tavo akys,2025-01-31
112,Sutemos,2024-05-31
113,Jeigu Žinai Ko Tu Nori,2024-11-03
114,BIANCA (feat. Kid Yugi),2025-01-24
115,LOCURA,2024-11-26
116,Tropico Del Capricorno,2025-01-10
117,Hello World,2024-12-06
118,ALASKA BABY,2024-11-28
119,TUTTA VITA,2024-10-25
120,Mafia Slime 2,2025-01-17
121,Non so chi ha creato il mondo ma so che era innamorato,2024-02-16
122,È FINITA LA PACE,2024-12-13
123,BAMBOLA (feat. Niky Savage),2024-12-13
124,Tu Me Quieres,2024-09-13
125,Gangsta Shit (feat. Simba La Rue),2025-01-17
131,"Good Luck, Babe!",2024-04-05
132,The Rise and Fall of a Midwest Princess,2023-09-21
133,Short n' Sweet,2024-08-23
134,The Secret of Us,2024-06-21
135,Alligator Bites Never Heal,2024-08-30
136,Sports car,2025-01-24
137,Zach Bryan,2023-08-25
138,Stick Season,2022-10-14
139,"Csurran, cseppen",2025-01-17
140,BAKPAKK,2024-07-26
141,MOKKA,2024-07-26
142,Orgonabokor (Part 2),2025-01-25
143,rabiga,2024-08-10
144,VIDÉKI CSAJSZI,2024-10-02
145,Lidokain,2024-12-08
145,Lidokain,2024-08-13
146,Strawberry,2024-05-02
140,BAKPAKK,2024-07-08
147,Vagy Mindent Vagy Semmit,2024-02-02
148,FWTIA,2025-01-13
149,Gia Sena,2024-12-26
150,No Mercy,2025-01-10
151,ILEGAL,2024-11-28
152,FETIX,2025-01-30
153,Gia Panta Kai Ligo Akoma,2025-01-30
154,TAMAM,2024-12-19
155,Asteromata,2025-01-31
156,PROVLIMA,2025-01-30
157,Xiliometra,2024-09-13
158,AUTOS,2024-10-21
159,LEOFORIO,2025-01-23
160,LV,2025-01-09
161,SHOOTER ME TN,2024-11-27
162,G.T.K.,2024-11-22
163,SINALOA,2025-01-02
164,4 Kampé,2024-10-25
165,J'AI MENTI.,2024-11-15
166,A LA VIE A LA MORT,2024-09-26
167,Arcane League of Legends: Season 2 (Soundtrack from the Animated Series),2024-11-23
168,Depuis le temps (Part. 2),2024-06-21
169,Minimum ça,2024-08-09
170,Run,2025-01-06
171,Pyramide,2024-02-16
172,APATHIA,2025-01-24
173,Rehellisesti,2025-01-31
174,Ehkä Se Siitä,2025-01-31
175,ROADMAN,2024-09-20
176,Diva,2024-11-15
177,Kuka Siin Netis On,2025-01-31
178,Aina,2025-01-13
179,Hitaammin hautaan,2025-01-09
32,San Francisco Boy,2025-01-31
180,Anteeks,2024-11-29
181,bändipaita,2025-01-24
182,ICH KOMME,2025-01-16
183,EXIT,2024-11-08
184,Sekaisin,2025-01-12
185,Otan Kii,2024-08-23
186,LA CIUDAD,2024-12-24
187,Angelito,2025-01-16
188,Mi Refe,2024-12-05
189,DONDE TE ESCONDES?,2025-01-16
190,Corazón Puro,2025-01-24
191,Imagínate,2024-11-07
192,Cosa Nuestra,2024-11-15
193,BUENAS NOCHES,2024-11-22
194,LA PANTERA NEGRA (DELUXE),2024-10-17
195,Yo sé,2024-05-23
196,pilates spiritual clüb,2025-01-01
197,kirjadkoju.zip,2024-11-28
198,push it,2024-05-30
199,viinaingel,2025-01-31
200,hr maakler,2024-10-01
201,Espresso Macchiato,2024-12-07
216,tau mich auf,2025-01-31
217,Wackelkontakt,2024-08-02
218,SABÍA QUE NO,2025-01-10
219,MNG,2025-01-24
220,Ma Baby,2024-11-08
221,Fata Morgana,2024-11-08
222,WENN DU DUMM BiST,2025-01-23
223,EIN TEIL VON MIR,2025-01-31
224,LICHTER AUS,2025-01-31
253,Born With a Broken Heart,2024-10-25
254,Kisses (feat. bbyclose),2024-03-22
87,Strange Trails,2015-04-06
255,I've Tried Everything But Therapy (Part 1),2023-09-15
256,Verwandtschaftstreffen,2024-06-27
229,Winter Ahead (with PARK HYO SHIN),2024-11-29
4,Hurry Up Tomorrow,2025-01-30
260,Rusia,2024-12-03
261,FANTASMA (versão GORDÃO DO PC),2024-12-11
263,THE FIRST TIME,2023-11-10
264,Raķešu Zinātne,2023-03-10
265,AYAHUASCA (feat. Tony Boy),2025-01-03
266,Pink Skies,2024-05-24
267,Orgonabokor,2025-01-09
268,Päivä joka meidät pilaa,2025-01-17
231,GOLDEN,2023-11-03
274,Vin Sa Te Fur,2024-12-23
277,"You'll Be Alright, Kid (Chapter 1)",2024-09-27
278,The Water,2025-01-17
279,CAZZI MIEI,2025-01-31
280,Unreal Unearth: Unaired,2024-08-19
281,ANATOLI,2024-12-05
282,Kunpa oisin kertonut,2024-10-31
292,Ken Je Dat Gevoel,2025-01-09
293,Flower Boy,2017-07-21
294,Ko tā?,2023-07-14
295,MABADI,2024-08-09
296,Pasaka,2023-03-10
297,Lūpų Saldumo,2024-07-19
300,Somedays,2024-07-26
301,Meztelen,2018-12-15
302,VIP,2025-01-09
303,Kataramenos,2024-11-14
304,Je pense à vous,2024-03-01
305,Triana,2024-10-24
306,HERZBLATT (AUA AUA),2025-01-17
308,Strobe Lights,2025-01-25
309,Black Friday (pretty like the sun),2024-07-19
310,Synchronicity (Remastered 2003),1983-06-17
312,FLOWDEMORT,2023-03-31
313,Mixtape Supernova Vol.1,2024-12-12
316,Ushuaia,2024-09-06
317,4X4,2025-01-24
318,Going Hard 3,2024-12-06
319,GIMMIE,2025-01-23
320,Kuka siin netis on,2025-01-31
321,"Tili tuli, tili meni",2025-01-10
322,6llekas,2024-06-10
323,Gesegnet,2025-01-17
325,Hotel Cabana (Deluxe Version),2013-01-01
326,Kto Sa Boji Nesmie Do Lesa,2025-01-31
333,Happy - :') (Remixes),2024-11-19
334,Abuja,2025-01-15
335,FAME,2025-01-31
329,I'm The Problem,2025-01-31
338,MILF,2025-01-23
339,LEVÉL,2024-12-12
340,Ankeet tanssiaiset,2025-01-31
341,Modernin naisen modernit ongelmat,2025-01-31
342,LA REINA (REMIX),2025-01-16
343,Tony Montana,2025-01-30
344,Last Dance,2025-01-31
345,sebo & friends,2025-01-31
352,Timeless,2024-09-27
354,Hai sa ne iubim ca nemtii,2024-07-08
348,São Paulo,2024-10-31
355,Păi naa,2024-06-01
336,Afterglow,2025-01-26
356,Obrigado Deus,2024-10-26
362,La poupée monte le son,2024-12-20
363,A Casa (feat. Tony Boy),2025-01-29
44,"Where I've Been, Isn't Where I'm Going",2024-05-31
365,Orgonabokor (Part 1),2025-01-12
366,THUMISOU,2025-01-16
367,Mwen An Sa,2025-01-10
368,Marraskuu,2024-11-01
369,Ympyrää,2024-11-22
370,April Mixtape 3,2023-05-05
373,GOVA,2025-01-24
225,SEPTUM,2025-01-17
380,Tu Quizas,2024-04-28
381,CAN'T RUSH GREATNESS,2025-01-24
382,Hozier (Special Edition),2014-09-19
383,Try&Remember,2021-10-15
385,Blick Sum (feat. Playboi Carti),2025-01-28
386,BETO DANCE,2023-12-08
387,Kylie Jenner,2024-09-13
388,Damage,2024-10-25
389,I Love You.,2013-04-19
390,Felt Like This,2025-01-17
391,Mud Baby,2024-12-22
392,Patogu,2023-06-09
394,EGY/KETTŐ,2024-11-01
395,Petheno,2024-12-22
396,IA,2024-10-17
403,Menor do Desacato,2024-12-03
405,Sapnas,2024-10-04
406,Širdis,2024-10-10
407,Mantra,2024-10-10
411,DOVIDENIA,2024-03-02
412,BENIHANA,2024-03-15
238,FRI(END)S,2024-03-15
414,Merhaba (Stil Turcesc),2024-08-19
416,"Zoet, Zout, Zuur",2023-05-19
417,When the Stars Gossip OST Part.3,2025-01-26
418,Tu Xera,2024-12-23
419,Vira Lata,2024-12-05
420,Ilusão De Ótica (Ao Vivo),2025-01-22
421,Banquinho (Ao Vivo),2024-11-29
422,Talvez (Ao Vivo),2025-01-23
423,Ahora,2019-05-10
426,Long Way Down (Deluxe),2013-06-24
431,Hier Mag Alles,2023-11-24
432,The Star Chapter: SANCTUARY (Expanded Edition),2024-11-08
389,I Love You.,2013-04-22
433,Paskendę vyne,2023-06-29
434,Ego Kalbà,2025-01-16
435,SANDELA,2023-12-31
436,BAD BOY LOVESTORY,2024-11-01
437,atzen & barbies (feat. ski aggu),2025-01-09
325,Hotel Cabana (Deluxe Version),2014-01-01
439,Escape (2022 Remaster),1981-07-17
441,COMBINAȚII,2025-01-24
444,I Got You,2020-01-31
445,Prisimink,2024-08-15
446,Wet (feat. Glocky),2025-01-24
448,EPANO STO TRAPEZI,2025-01-23
449,Arm's Length,2025-01-24
450,Se Nainen,2025-01-24
451,Alkuhuuma (feat. ANI),2025-01-24
452,Kääretorttu,2025-01-24
453,SEGUNDO INTENTO,2025-01-23
454,Lange Geschichten: Trauriges Ende,2025-01-24
455,TP,2025-01-24
226,GLOBAL,2024-10-18
459,ASTRO,2024-09-04
458,Bad Dreams,2024-09-13
464,Love Sick (Deluxe),2023-02-28
374,I Adore You (feat. Daecolm),2024-07-19
465,Šermukšnis,2025-01-17
466,Demo,2024-06-29
132,The Rise and Fall of a Midwest Princess,2023-09-22
467,Menestys on paras tapa kostaa,2025-01-03
468,Iha miten vaa,2024-10-25
469,Made Of,2025-01-16
470,True Love X Yawa,2024-12-12
472,Butcher,2024-12-06
473,ci son io,2024-09-30
474,ultima (noapte),2024-12-29
475,Cine N-a Gresit Vreodata,2024-10-25
477,The Singles Collection,2013-03-15
267,Orgonabokor,2025-01-12
479,Willy Wonka Freestyle,2025-01-17
16,AFTERCARE,2024-11-15
257,Good Girl Gone Bad,2007-01-01
217,Wackelkontakt,2024-08-01
482,E Adevărat,2024-09-13
484,Nu Meteen (Slide),2025-01-16
485,Visų Laikų Topai - 2,1995-07-09
488,CHAMPIONS LEAGUE,2025-01-17
489,Nightmares,2025-01-08
493,Gaan We Weg?,2024-07-12
494,Intro,2024-09-06
337,Past Struggles,2024-12-20
495,Normal,2024-07-12
496,Puppy,2025-01-15
499,Long Way Down (Expanded Edition),2013-06-24
500,Vandaag Ben Ik Van Jou,2025-01-17
501,Bloqueei,2024-03-14
503,Gyere Kislány,2024-09-07
504,Rien 100 Rien,2019-06-28
505,Lämmi,2019-08-06
510,Turbo Orange,2024-10-20
514,GBP (feat. 21 Savage),2025-01-16
515,Suuria tarinoita,2025-01-17
517,QUALITÄT,2025-01-17
518,omluva,2024-12-28
519,Dory,2025-01-12
521,I Surrender (feat. Lange Frans) [Remix],2024-12-06
522,yustyna,2024-07-11
523,Tip Tap,2024-11-29
382,Hozier (Special Edition),2013-01-01
524,Jeesus,2024-12-25
525,Paletti (feat. Sexmane),2025-01-03
526,In Liebe,2024-08-16
527,ROTE FLAGGEN,2023-05-25
528,PLAYBOYBUNNIES,2024-10-04
532,Hustler,2024-06-14
534,All about you (Radio Edit),2025-01-07
535,Miljoonii (feat. TUULI),2024-12-06
536,Levoton tuhkimo,2024-12-20
537,7DIGITS,2024-12-20
540,MATRIX,2025-01-08
542,Frühling im Viertel 2.0 (feat. Kane),2025-01-10
544,Sundress,2018-11-20
545,Danadinha,2023-12-06
546,Fuck Polizei,2024-12-13
547,Vaisto (feat. Juuna Chill),2024-06-14
548,RECOMMENCE-MOI,2024-05-24
549,bauch beine po,2024-07-25
550,Rockwood,2024-08-16
551,LONDON LP,2025-01-09
552,Nārnija,2024-03-07
553,Lovezin Bandido,2024-12-20
554,Atrai o Que Fala - Eletronejo,2024-12-20
555,Randandan Na Motinha,2024-12-20
556,Verdade,2024-11-29
557,Doeu Mas Não Matou,2024-11-14
558,Estilo Nattanzinho (Ao Vivo em São Paulo),2024-08-07
559,Ao Vivo Em São Paulo - Vol. 1,2024-10-24
560,Toca Que Eu Quero Ouvir,2024-09-20
561,Cachorro,2024-12-20
562,Partiu Role,2024-07-12
564,Tiara,2024-02-16
565,Oy Lele,2024-10-04
321,"Tili tuli, tili meni",2025-01-09
566,Aluspükse,2019-06-22
567,Guap,2025-01-09
568,LID,2024-12-27
569,Hot Fuss,2004-01-01
574,Vai ne,2024-11-14
575,Tweaker,2025-01-03
576,Stadionai,2019-10-15
577,Mauvais Garçon,2024-11-20
578,Mieti mitä sä teet,2025-01-10
581,Das Leben ruft,2025-01-09
582,Wie?,2025-01-10
585,Victoria,2024-01-05
587,Niente Panico,2024-10-11
588,DIO LO SA - ATTO II,2024-11-22
589,ESCI DAL TUNNEL,2024-10-18
591,Allein da (Radio Edit),2024-12-20
592,Toyota (2016),2024-12-26
595,Meteora,2003-09-16
596,MTG NA IMAGINAÇÃO (TOPO SESSIONS VOL. 1),2024-09-13
597,365 Dias (Vida Mansa),2024-09-27
598,chille guy,2024-12-06
599,Maison Blanche,2024-07-19
87,Strange Trails,2015-04-07
227,SATIVA,2024-11-11
600,Diss Music Romania,2024-10-10
601,Voyage (Part III),2024-11-08
604,Amor Verdadero,2024-12-07
605,GHETTO,2025-01-07
607,A ló túloldalán,2022-05-20
608,Se Periptosi Pou,2024-11-08
609,Ainutlaatuinen,2025-01-02
611,Surprise,2025-01-01
97,Alleen Met Jou,2024-10-11
612,Happy - :D (Remixes),2024-11-19
613,VERA BADDIE,2024-06-27
614,Rossetto e caffè,2024-06-14
615,Golden Corner,2024-12-05
616,Viva La Vida or Death and All His Friends,2008-05-26
617,Bem-Vindo Ao Meu Mundo,2024-11-19
618,Amore Disperato,2024-09-20
619,Heading South,2019-09-30
620,Barbi Baba,2024-11-23
621,EL CLúB,2024-12-05
622,DEPORTIVO,2024-11-14
623,PIToRRO DE COCO,2024-12-26
626,Long Way Down,2013-06-17
629,Ceinture noire,2018-03-23
630,SE FUE,2024-12-19
631,"Luck Ra: Bzrp Music Sessions, Vol. 61",2024-12-27
632,KM 33,2024-10-18
633,Te Regalo,2024-12-04
634,PRIMERA MUSA,2024-09-20
635,Duro De Verdad pt.2,2024-09-12
636,Hm Hm Hm (Remix),2024-11-29
638,Ghettoven,2024-04-19
640,Ultima Noapte,2024-12-29
641,O Próprio,2024-02-16
644,Oceaan,2024-09-28
645,Raul Ben 10,2024-10-04
646,SENZA TEMPO (feat. Izi),2025-01-03
647,F-1 Trillion,2024-08-15
648,IL LE FALLAIT,2023-10-13
649,Suutele mun silmii,2025-01-02
650,Vuosi,2025-01-03
651,Näihin hommiin ei synnytä,2024-12-27
652,El Capitano,2025-01-03
655,Stargazing,2024-05-10
656,BLACK PHONE MAFIA,2024-12-19
657,EGO THERAPY,2024-06-13
658,Inarrêtable,2024-12-06
659,Mammanpoika,2024-04-26
665,El chapo,2020-12-14
666,Ma Chérie,2024-11-29
669,Engelbewaarder,2022-09-09
670,Sugardaddy,2024-04-04
671,FLAMINGO,2024-12-13
637,Move,2024-06-07
672,ICON,2024-12-09
675,Something in the Orange,2022-04-22
676,NINCS HOLNAP,2024-06-27
677,En Attendant Pour Le Peuple...,2024-11-06
678,Louise Attaque,1997-04-22
679,Nimeni On Dingo,1984-01-01
680,YUNO,2024-08-30
681,Anti Social Cool Kid,2024-02-15
684,Thank You (Not So Bad),2023-12-01
685,Stumblin' In,2023-11-10
686,Unwritten,2004-08-30
399,The Heist,2012-10-09
688,Prada,2023-08-11
689,DECIDE,2022-09-16
691,Lamborghini,2024-08-23
662,LAST CHRISTMAS,1984-11-29
695,through the valley of search,2020-02-13
694,What Happens Now?,2024-02-16
696,BDLM VOL.1,2024-09-20
698,-10 000 AURA,2024-12-26
703,Farewell,2024-12-06
663,Merry Christmas,1994-10-28
707,Accesorii,2024-12-25
708,Merry Christmas From Brenda Lee,1964-10-19
709,DIO LO SA,2024-06-07
107,LE NORD SE SOUVIENT,2024-09-26
713,Sirkus,2024-06-27
714,Tähtisumua,2024-10-18
722,Jingle Bell Rock/Captain Santa Claus (And His Reindeer Space Patrol),1957-12-02
723,Dfyn,2024-12-07
725,If I Should Fall from Grace with God (Expanded Edition),1988-09-05
726,Frena,2024-10-13
728,Allstars 2024,2024-12-19
693,Everyday Is Christmas (Deluxe Edition),2018-11-01
732,Grinch,2024-12-24
742,The Andy Williams Christmas Album,1963-11-24
739,"Dancing with Strangers (Deluxe Edition, 2019 Remaster)",1987-08-02
743,Wrapped In Red,2013-10-25
744,My Name Is José Feliciano,2001-01-01
745,Sleigh Ride,2020-12-04
733,Merry Christmas Everyone,1991-11-25
734,Christmas (Deluxe Special Edition),2011-10-24
746,McCartney II (Special Edition),1980-05-16
738,Santa Tell Me,2014-11-24
737,A Winter Romance,1959-01-01
747,Do They Know It’s Christmas?,1984-11-25
748,The Works (Deluxe Edition 2011 Remaster),1984-02-27
749,Signature Box,2010-10-05
750,The Classic Christmas Album,1945-01-01
742,The Andy Williams Christmas Album,1963-01-01
743,Wrapped In Red,2013-10-29
754,Feliz Navidad,2002-09-24
755,The Nat King Cole Story,1961-09-25
756,Caribou (Remastered 1995),1974-06-28
764,Ready To Fly,2001-01-01
765,+-=÷× (Tour Collection),2024-09-27
766,Christmas EP,2019-11-15
767,A Pentatonix Christmas Deluxe,2017-12-06
769,Život IMT Smile 1998-2020,2020-06-15
762,Under The Mistletoe (Deluxe Edition),2011-01-01
773,Home Alone (Original Motion Picture Soundtrack),1990-01-01
774,Spotify Singles Holiday,2023-11-14
775,Greatest Christmas Songs,1999-08-20
776,Run Rudolph Run - Spotify Singles Holiday,2024-10-15
780,"Santa Claus Is Comin' to Town (Live at C.W. Post College, Greenvale, NY - December 1975)",1981-01-01
781,"Christmas (Baby, Please Come Home)",2020-12-04
782,Joulun kanssas jaan (feat. Cantores Minores),2017-11-30
783,Tulkoon joulu,2009-11-06
784,Sydämeeni joulun teen,1988-01-01
785,Todo Es Posible En Navidad,2024-11-15
786,LYKE MIIKE,2024-12-24
787,My Only Wish (This Year),2000-11-14
791,Under The Mistletoe,2011-01-01
794,hiSTORY,2016-10-14
795,Lojzo IV,1991-01-01
796,Stastne a Vesele - Ep,2015-12-10
788,Dobrý Časy,2012-04-27
797,Ve jménu lásky,1998-11-16
798,"Hity Vánočn, Vol. 1",2007-10-31
768,Vánoce Na Míru,2017-11-03
799,12× Marie Rottrová,1985-01-01
800,Hudba Není Zlá,1973-01-01
803,"Marut, Margaritar",2016-12-07
804,Sub Fereastra La Om Bun,2020-12-11
809,A Brenda Lee Christmas,1991-01-01
810,Christmas Is Back in Town,2015-12-04
811,Kaikki joululaulut,2024-11-15
812,Minun Jouluni,2005-11-14
813,Hiljaisuudessa 2006,2006-10-30
814,Terra,2013-10-04
815,Ya es Navidad: Nuevos Villancicos,2010-12-14
817,A Pentatonix Christmas,2016-10-21
821,capaz (merengueton),2024-11-20
822,Tengo Un Pensamiento,2024-12-19
829,True North 4,2024-12-20
832,RUSIA,2024-12-06
833,Christmas in the air,2024-10-13
792,The Works (Deluxe Remastered Version),1984-02-27
834,Ia-ma Du-ma,2023-08-04
835,600PK,2024-12-19
836,Pacemaker,2024-11-05
837,Otra Dimension,2024-12-06
838,Containers,2024-10-10
839,Milano Demons,2022-11-25
754,Feliz Navidad,2006-01-01
840,Private Suite (Vol. 2),2024-12-13
842,LUCIFER,2024-05-24
380,Tu Quizas,2024-04-29
833,Christmas in the air,2024-10-14
845,Milijonai galimybių,2024-12-19
846,Milano Angels,2024-09-06
847,EYE OF THE TIGER,2024-10-03
848,JVLIVS III : Ad Finem,2024-12-06
851,ANIMALISTISCH,2024-12-12
852,Maa ilman vettä,2024-12-12
853,Viimeinen kuulutus,2024-12-06
854,TRES CREUS,2024-12-18
857,Ține-te bine,2024-08-07
858,Bênção,2024-03-01
859,Menace fantôme,2024-11-29
860,Haloo,2024-12-12
865,Carmen,2024-11-29
866,Pre Dni,2024-12-12
867,Won't Stop,2024-06-17
868,Madagascar Battle Music,2024-09-16
869,COLDA THAN E$kIMO$,2024-11-22
870,Vorias,2024-06-14
875,Pes Mou Esy,2024-12-13
880,Dirty Sprite,2024-12-13
881,Quem És Tu?,2024-12-11
883,CASA GOSPEL,2024-12-13
884,Jouluks kotiin,2024-12-13
885,sätkynukkekoti (live),2024-12-13
886,S&S,2024-11-29
887,CON I MIEI OCCHI,2024-10-25
888,külm,2024-12-06
105,GNX,2024-11-21
890,TURTAS,2024-12-09
891,Mažas rūpintojėlis,2024-12-08
892,Kettesben,2024-11-23
893,ma ei tea sind,2024-12-07
894,Südamelt ära,2024-11-22
895,É Que Eu Sofri Demais,2023-08-29
896,Blessed Vol. 2 (Ao Vivo),2024-11-14
897,Arrocha Safadão,2024-09-06
899,AHTI,2024-09-27
903,"Calin Georgescu, Pericol Pentru Democratie",2024-11-29
904,Opa Opa,2024-12-04
905,Signal,2024-12-04
909,APT.,2024-10-18
910,Pod vodou,2024-11-17
911,Ma Meilleure Ennemie (from the series Arcane League of Legends),2024-11-23
913,MULALA,2024-11-29
914,Vaag (REMIX),2024-10-04
915,Stillborn-distopia Symphony,2014-05-04
916,Islanda,2024-11-15
917,MAI PIÙ FORSE,2024-11-08
918,CALMOCOBRA,2024-10-17
919,Romantico Ma Muori,2024-09-13
920,Milliók,2024-11-29
921,Wicked: The Soundtrack,2024-11-22
922,Monaco,2024-07-11
923,GOAT,2024-10-25
924,La pluie,2024-11-28
925,Katujen Ääni,2024-11-29
926,2AM,2024-11-22
927,Soltera,2024-09-25
929,Trpezlivosť,2024-11-24
930,Lonely,2024-11-24
935,Malvadinho,2024-11-01
932,The Singles: Echoes from the Edge of Heaven,2023-07-07
941,PROBATION,2024-11-08
942,Ora che non ho più te,2024-09-23
115,LOCURA,2024-09-19
459,ASTRO,2024-10-04
943,Presenting Bobby Helms,1955-12-08
944,BANDANA,2024-07-31
945,Mesanyxta,2024-11-07
946,Once In A Lifetime,2024-11-22
947,To Viografiko,2024-11-14
948,"Un jour, je l'aurai",2024-11-15
949,Passe ton chemin,2024-06-14
950,EK2,2024-11-22
951,Kaikki päättyy kyyneliin,2024-11-22
952,Ihan vähän sua,2024-11-22
953,Niin kuin sä,2024-11-21
954,Goat Talk,2024-11-22
955,In a minute,2024-11-20
956,money,2024-11-22
957,MURAKAMI,2024-11-08
958,Mittelmeer,2024-11-22
959,Fliegen,2024-11-22
889,Layover,2023-08-11
963,Amor De Ganga,2024-10-22
964,Diamond,2024-11-22
965,Party,2024-10-04
966,SZÍVTIPRÓ,2024-06-20
162,G.T.K.,2024-11-21
967,Diana (with Hamza),2024-11-13
968,Nouvelle École | Saison 3 | Partie 1 (Série Netflix),2024-07-05
971,California,2015-04-15
972,Focus,2024-11-22
973,FIM DA NOITE,2024-11-22
974,O Teu Cheiro,2024-10-11
977,Dat Is Het Leven,2024-09-05
978,Pirms vētras būs klusums,2024-09-17
979,Lettera Q,2024-11-22
980,SÍRTÁNC,2024-11-22
981,I'M SORRY,2024-09-25
982,Mauvais garçon,2024-11-20
983,Päähenkilö,2024-11-22
568,LID,2024-09-27
984,"Amo, Amo",2024-07-05
3,ParisLove,2024-11-08
985,Beautiful Temptation,2023-07-28
986,MAI PER SEMPRE,2024-11-20
988,Torz,2024-04-16
989,Nekem ez a fless,2024-11-09
990,Book of ra,2024-09-29
991,SA POULIA STON AERA,2024-11-14
992,PIRATES,2024-11-14
993,PASARELA,2024-11-19
994,Pääs Kii,2024-11-15
995,Sanansaattaja,2024-11-15
996,AMERI,2024-10-31
997,+57,2024-11-08
998,LA PANTERA NEGRA,2024-08-22
999,Ohnana,2024-06-06
1000,DURO,2024-10-31
1001,La Jauría,2024-10-25
1002,LAK,2024-11-15
1006,5 Sterren,2024-11-15
1007,Troleibusas,2024-11-15
1008,Tutti i Nomi del Diavolo,2024-11-01
1010,Lebron,2024-10-08
960,Follow You,2024-11-08
1011,Rabanne,2024-09-26
1012,H MASKA,2023-12-07
1013,Ceinture Noire,2018-03-26
1014,UWAIE,2024-08-15
1015,Qué Pecao,2024-10-03
1021,LALE,2024-09-19
1022,Üksi limusiinis,2024-11-15
1027,Labākās roka balādes,2014-04-03
1028,Dziesmu svētki 2013,2013-05-29
1029,#Sarkanbaltsarkanais,2019-11-13
1030,Spogulis,2014-10-29
1031,Bohēmas Dienasgrāmata,2024-03-20
1032,Lidojam tik augstu,2024-08-21
1033,FERITE (Deluxe Edition),2024-11-15
1035,2 hands,2024-11-14
1036,Lobby,2024-11-02
1037,People Watching,2024-11-15
1040,Bro Code,2024-10-25
1041,AVATARIAN,2024-09-22
1042,KOINO MYSTIKO,2024-09-25
1043,Bad Boy 2,2024-07-12
1044,15,2022-05-27
1045,Santa,2024-04-03
1046,Romani,2024-11-12
1047,Calma Amor,2024-03-30
1050,BANNANI,2024-10-20
1051,LA REINA,2024-06-13
1052,Ololufe,2024-10-14
1053,mesimagus,2024-10-29
1054,Bauch Beine Po,2024-07-25
1057,Alli Mia Fora,2024-08-09
1058,Sadekehä,2024-11-15
1059,kuruta,2024-06-18
1060,BBB,2024-11-14
1061,NUR FÜR DICH 2 (Deluxe),2024-11-15
1062,070 Shake,2024-11-15
1063,The Emptiness Machine,2024-09-05
1064,Two Faced,2024-11-13
1068,paradyse,2024-11-08
1072,PINK SUMMER,2024-07-19
1074,TENEBRIS,2024-08-30
1075,Capitaine fait de l'art,2024-07-19
1076,Alibi (with Pabllo Vittar & Yseult),2024-06-28
1077,BOSSMAN,2024-10-18
1078,Dead Presidents,2024-10-11
1079,Vacile,2022-09-30
1080,THE WORLD IS YOURS,2024-10-11
1081,Heavy Is the Crown,2024-09-24
1082,It Girl (feat. Sampagne),2024-10-24
1083,Manchmal,2024-11-08
1087,MANDELA,2024-11-08
1088,Fine Wine In Italy,2024-11-08
1089,Ik Wil Dat Je Liegt,2024-05-23
1090,Vradia,2024-06-06
1091,HDL,2024-10-18
1097,CHROMAKOPIA,2024-10-28
1098,GET LOVED OR DIE TRYIN',2024-08-15
1099,Boucan (feat. Franglish),2024-04-25
1100,Muutos,2024-11-08
1101,Kiki,2024-11-08
134,The Secret of Us,2024-06-20
1103,Fernw Trap,2024-11-08
1104,VEMPA,2024-04-19
705,Dream Your Life Away (Deluxe Edition),2014-08-05
1106,MTG QUEM NÃO QUER SOU EU,2024-05-10
1108,Industry Plant,2024-09-20
1109,SUPER,2023-10-10
1110,Melodramos,2023-10-18
1111,Feeling,2024-11-07
1113,EL COMIENZO,2024-08-09
1112,Khaleel,2024-09-25
1116,É o Grelo,2024-07-19
1120,Kaip Man Atmylėt Tave,2024-10-01
1124,Dansvloerkiller,2024-11-07
1125,Heel De Nacht Alleen,2024-11-07
1126,Certe bugie,2024-11-08
1128,Sanon sen nyt ääneen,2024-11-08
1129,kesköö paiku,2024-11-08
1131,Wenn du mich siehst,2024-11-08
1132,Tagebuch,2024-11-08
1133,NÜCHTERN,2024-11-08
1134,Amo aller Amos,2024-11-06
1114,Pro štěstí,2024-10-31
324,Brick na brick,2023-09-06
1136,Interestelar,2024-11-04
1137,IT WILL HURT BOTH WAYS,2024-06-14
1139,Sådan Det Er,2024-10-18
1140,Feel You Now,2024-09-27
1143,SEXERO,2024-02-21
1145,GAMEBOY,2024-10-30
1146,H&K,2024-05-24
1147,Bossbaby Tape,2024-02-23
1155,Moonlit Floor (Kiss Me),2024-10-03
1157,HARDSTONE PSYCHO,2024-06-14
1158,Vanilla,2024-08-30
1159,Geschlossene Augen,2024-10-10
1163,OG,2020-05-03
1164,Scared To Start,2024-01-12
1165,Imagine,2024-05-03
1166,Celine (with Kidd Keo),2023-07-07
1167,Tu Cuerpo Pide Baile,2024-01-22
1168,When It Rains Again (feat. Anabel),2024-10-25
1171,COLOMBIA,2024-11-04
1172,Eforia,2024-10-19
1173,CHROME,2024-10-31
1174,HOTEL MALIGNO,2024-10-17
1175,Embrace It,2024-08-23
1177,I Can't Do This,2024-10-19
1178,Sou Baiana,2024-07-22
1179,La luna,2024-10-31
1180,UTOPIA,2023-07-28
1181,No Has Cambiado,2024-10-03
1115,Cigarettes After Sex,2017-06-09
716,Rest In Piss,2024-09-13
1185,"dear mama, get well soon.",2024-10-25
1186,Amor En Ruinas,2024-02-29
1188,FOUR (Deluxe),2014-11-17
1189,Quién es Dei V?,2024-06-14
1190,Mu vend on lesbi,2024-07-31
1191,Hoodie Hoodie,2024-10-24
1149,Uprostřed Oceánu,2024-11-01
1195,Ik Haat Hem Voor Jou,2024-08-29
1196,Badabim,2024-06-23
1197,Vernisāža,2024-11-01
1198,Year Two,2024-10-31
1199,Stigmates,2024-10-30
1200,People's Champion,2024-11-01
1201,delusional,2024-11-01
1202,11,2024-10-31
1203,klepto,2024-09-25
1204,40 Tage,2024-10-21
1205,NUR FÜR DICH 2,2024-10-25
1211,Voila,2024-07-05
1213,The Sound of Silence (CYRIL Remix),2024-02-02
1212,Greatest Hits,1990-01-01
1210,The Nightmare Before Christmas,1993-01-01
1214,Thriller,1982-11-30
1215,The Original Monster Mash,1962-01-01
1216,Donna,2024-10-24
1221,Somebody’s Watching Me (Sped Up),2023-09-22
1222,Halloween Howls: Fun & Scary Music (Deluxe Edition),2019-10-18
1223,Diet Pepsi,2024-08-09
1224,Number Ones,1979-01-01
1225,CARPE DIEM,2023-07-21
1226,Monaxiki Kardia,2024-05-27
1212,Greatest Hits,1993-10-12
1219,The Nightmare Before Christmas (Original Motion Picture Soundtrack),1993-10-12
1227,Löytää mut,2024-08-29
1228,Luotathan,2024-05-30
1229,Timanttei,2024-01-04
1230,WHITEBOY,2024-06-14
1231,thank you for all the support,2024-09-13
1232,Vaarallinen Nainen,2024-07-12
1233,ATE,2024-07-19
1235,Het Midden,2024-10-10
1237,Pastovi,2024-10-29
1238,Nouvelle École | Saison 3 | La Finale (Série Netflix),2024-07-22
1239,Miten sut mielest poistetaan,2024-10-25
1240,Over Each Other,2024-10-24
1241,Lodewijk,2024-10-18
1242,Lost Time,2024-10-21
1244,Midnight Memories (Deluxe),2013-11-25
1245,Pyramide 2,2024-10-18
1246,Riittämätön (feat. Tomi Saario),2024-10-04
1247,Kiire (Vain elämää kausi 15),2024-10-11
1249,früher sterben,2024-10-24
1251,Noid,2024-10-21
1252,FANTA,2024-08-28
1253,FERXXOCALIPSIS,2023-12-01
1257,Nebunia lui Babasha,2024-03-01
1259,Kaçamadım,2022-03-18
1260,Ilmaa,2024-10-25
1261,berq,2024-10-24
398,Bieber Fever,2024-05-30
1263,RĂGUȘIT,2024-09-27
1264,Not Guilty,2024-10-25
1265,Poco a Poco,2024-10-25
1266,Noriu Šokt,2024-09-13
1273,333,2024-09-09
1275,Modeshow,2024-10-04
1209,Disease,2024-10-25
1276,FERITE,2024-05-03
1277,trampoliino,2024-10-18
1283,Desire,2024-07-10
1284,Per due come noi,2024-09-06
1285,Devastante,2024-03-08
1287,Hallelujah,2024-08-29
1288,Ylpee,2024-09-27
1289,Me has invitado a bailar,2024-08-23
1291,Blanco,2024-10-18
1293,No Police (Road Clear) [Sped Up],2023-08-29
1294,Última Noite,2024-09-12
1295,Big Moves (Vol. 5),2024-10-22
1296,Tässä talossa (Vain elämää kausi 15),2024-10-18
1298,Moonlit Floor,2024-10-03
1299,Sorry Not Sorry,2024-10-22
1300,Faz Bem,2024-01-19
1301,Feeling My Mind,2024-09-07
1302,BOETRY 2024,2024-08-01
1303,FC BEAUDOTTES,2024-10-21
1304,Häitä pidelly,2024-05-30
1305,SAKURA,2024-04-26
1308,King of GerMMAny,2024-10-17
1309,Daddy is back,2024-10-11
1311,Myötävirta (feat. Kojo & Shabu),2024-10-18
1314,Inima sau Banii,2024-08-12
1315,Vagabundo de Luxo,2024-07-10
1316,Clack Bum,2024-06-28
1318,Envergado,2024-02-15
1319,reminisce,2024-10-17
1320,Milana,2008-10-22
1321,Trap,2024-06-27
1322,HABIBI,2024-07-08
1323,BACKBONE,2024-08-08
1324,Depuis le temps - Part. 2,2024-06-21
1325,Täydellinen ex,2024-09-26
1327,LYFESTYLE,2024-10-18
1331,Gesmolten Banden,2024-10-17
1332,I Need Your Love,2024-10-17
1333,CLONE (Ao Vivo),2024-08-22
1026,Love Somebody,2024-10-18
1334,Encore,2024-10-18
1335,Tuulien teitä,2024-10-18
1337,Doktor,2024-10-18
1338,FÜR ALLE BLOCKS,2024-10-18
1339,WATCH THE BODY DROP,2024-10-18
1341,GHETTO ROMANTIKA,2024-10-10
1342,Narcos,2024-05-31
1343,mamaididit,2023-10-20
1344,prvotriedna dráma,2024-09-13
1346,Afro Fado,2023-11-24
1347,UNA BOKA,2024-10-17
1350,Carré,2023-03-09
1351,Goteras,2024-06-27
1353,7 LEERE ZIMMER (feat. Henning May),2024-10-10
1354,Rapstar,2024-09-04
1355,FTW,2024-09-13
1359,fwb,2024-07-19
1361,Trelos,2024-10-03
1362,AD VITAM ÆTERNAM,2024-02-08
1363,2000,2023-03-17
1364,Versions of Me,2022-04-12
1365,Veronika,2024-10-09
1367,Zirkusprinz,2024-10-04
1371,POIOTHTA,2024-10-14
1372,MJ,2024-09-12
1376,SISS,2024-09-01
1358,Thick Of It (feat. Trippie Redd) / Low,2024-10-03
1377,Nightcall,2024-09-20
1378,Besitos BB 2.0,2024-10-09
1380,NEBEL,2024-10-11
1381,Unter den Linden (feat. Pashanim),2024-10-10
1368,KEEP UP // FROSTBITE,2024-07-17
1386,Sex = Money,2024-10-11
1387,näätsä mut?,2024-10-11
1392,BAD,2024-10-10
1397,Molotov,2024-05-10
1399,Ter Zake,2024-10-11
1400,SUPER DUPER,2024-10-11
1402,Ocean Drive,2024-10-09
1403,NOIDANKEHÄ,2024-10-11
1404,Toista sua,2024-10-11
1405,FÜR IMMER,2024-10-11
1406,pass auf mein herz auf,2024-10-10
1409,Bejšíí,2023-11-10
1410,Reflexo,2016-05-26
1408,Guess featuring Billie Eilish,2024-08-01
1411,Ich sage dir heute,2024-09-05
1412,Buteco in Boston (Ao Vivo),2021-12-16
1413,STORIE BREVI,2024-06-04
672,ICON,2024-05-22
1415,Miten ihmiset löytää toisiaan (feat. Överi),2024-09-13
1416,Suomalainen Superstara,2024-08-16
1417,FRIKI,2024-04-18
1418,Picasso,2024-09-25
1419,BELOHNEN,2024-10-04
1423,Creola,2024-06-17
1424,Frevo em Prelúdio,2024-01-04
1426,Stadi (Alicia),2024-06-13
1430,CUP,2024-08-23
1431,Moonlight Dreams,2024-09-20
1434,unholy,2024-09-20
1435,Gegužis,2024-05-15
1436,Carvajal,2024-06-20
1438,"Vorba Francezului (From ""Buzz House"" The Movie)",2024-04-12
1439,Escândalo Íntimo,2024-05-28
1440,Žaliai balti dievai,2024-10-02
1441,Coco,2024-07-12
1442,VENI VIDI VICI,2024-06-14
1443,LVEU: VIVE LA TUYA...NO LA MIA,2023-09-18
1444,we fell in love in october / October Passed Me By,2018-11-21
1445,Glückskind,2023-04-27
1449,KUNG FU,2024-09-13
1451,Dice,2024-09-13
661,I Don't Wanna Wait,2024-04-05
1452,v gastru nejsou lidi,2024-09-13
1455,DI CAPRIO (feat. Niky Savage),2024-09-13
1456,Kuivaa kyyneleet,2024-10-04
1457,Lainasydän,2024-10-04
1458,En tunne mitään,2024-10-03
1459,Iskelmää,2024-10-03
1460,X'CLUSIVO (REMIX),2024-02-29
1461,Filthy Dog,2024-10-03
1462,Es tut mir leid,2024-10-04
1466,Chin Chin,2024-09-19
1467,ZK Central End of the Year,2019-12-18
1468,ALLUCINAZIONE COLLETTIVA,2024-09-21
1470,GUZMAN,2024-09-09
1471,Aucune attache,2024-02-02
1472,Yötön yö,2024-09-13
1475,Lekker eigenwijs,2024-09-13
1476,CASABLANCA,2024-07-25
1477,GOTTI A,2024-07-04
1478,Hoy,2024-05-22
1480,Jézus kérlek hívjál fel,2024-09-28
1481,LOGIA,2024-09-26
1482,Unlock It,2024-09-17
1483,Meer,2024-09-06
1485,INSPIRE,2024-04-12
1486,Come and dance with me,2024-07-06
1487,Romanzo Criminale,2024-07-05
1488,"Rakasta mua, rakasta mua, rakasta",2024-09-06
1489,HABLAME CLARO,2024-09-12
1490,Omega (feat. Ralphie Choo),2024-09-24
1491,RED CUPS (feat. Paula Hartmann),2024-09-19
1492,SUNETE 2,2023-06-23
1493,do.mar,2023-12-01
1494,Parachutes,2000-07-10
1495,memento,2023-05-01
1496,Hablame Claro,2024-09-12
1498,Big Dawgs,2024-07-09
1499,BABYSHARK,2024-08-29
1500,RELUARI/REVENGE,2024-09-10
1502,Balti Sparnai,2024-09-18
1503,Cerchio,2024-09-27
1504,TUNNEL,2024-01-05
1507,An Apopse Figo (Night Rider Edit),2024-09-27
1508,Grace Kelly,2024-09-27
1509,Makaveli,2024-09-26
1510,Myynnissä,2024-09-27
1511,gesicht verlieren,2024-09-27
1512,NEIN,2024-09-26
1514,Subhanallah,2024-09-20
1515,Habibi,2024-04-08
1516,Espresso,2024-04-12
1517,Please Please Please,2024-06-06
1520,Carry You Home,2024-05-31
1521,AIORA,2024-07-30
1522,L'Étrange Histoire de Mr.Anderson,2021-07-16
1523,Ärsyttävä,2024-09-06
1524,En sitä tarkoittanut,2024-05-23
1525,ALL RED,2024-09-13
1526,aç bleiben,2024-09-19
1527,MYLOOOVE,2024-09-20
1529,Bun Venit Acasa (Deluxe),2024-07-06
375,Адская колыбельная,2024-08-30
1530,Imad,2024-05-24
1531,1994,2024-09-19
1532,NO POLICE (Road Clear),2023-05-19
1533,Dead Now,2021-02-18
1534,Hakayet,2023-11-20
1535,Tu Silueta,2024-07-12
1536,Ich bring dir keine Blumen,2024-09-20
1539,RUN BABY,2023-10-20
1540,Bad Boyz 4 L,2024-09-17
1542,CARITA TRISTE,2024-08-30
1543,Wait For It,2023-07-28
1544,Leave It - Solven Remix,2024-09-13
1545,PANE BOŽE DOMINIKA,2024-09-13
1546,A bús barista balladái,2023-11-16
1547,HAY LUPITA,2024-03-28
1550,Burj Khalifa,2024-02-08
1551,Hasart,2024-09-17
1554,MIXTAPE PLUTO,2024-09-20
1558,Syystakkikausi,2024-09-20
1559,Una Velita,2024-09-19
1560,Dancing In The Flames,2024-09-13
1561,Für Mary <3,2024-09-19
1562,Schlaraffenland,2024-09-20
1565,Thug Popstar,2024-04-05
1566,MANON B,2024-08-29
1567,ZERI IN PIÙ (LOCURA) (feat. Laura Pausini),2024-09-12
1568,Lightskinboy (feat. Sexmane),2024-05-24
1572,GUNSHOT,2024-09-13
1363,2000,2024-06-13
1574,Out Of The Dark,2024-08-09
1575,Unreal Unearth: Unheard,2024-03-22
1576,DINASTIA,2024-08-30
1580,RADIO SAKURA,2024-03-08
1582,TOKA,2024-09-12
1581,Your Love,2024-09-09
1573,HIMMEL,2024-07-17
1583,Super,2024-07-31
1584,RAKATA,2024-07-03
1585,"Haye O Dila - From ""Ardaas Sarbat De Bhale Di""",2024-08-29
1586,Wilmersdorfs Kind,2024-08-29
1588,LACRIME,2024-09-13
1437,Martini Porn Star,2024-07-26
1589,Therapy,2024-09-13
1590,Pieni Prinssi,2024-09-13
1591,Why's this dealer?,2024-08-29
1592,ALTE BILDER,2024-09-13
1586,Wilmersdorfs Kind,2024-08-30
1595,Huisfeestje,2024-06-07
1596,Paprika,2024-05-10
1597,Ke Ti Den Tha Dina,2024-08-29
1598,TPLM,2024-09-13
1599,Prime,2024-02-15
1600,Sitä samaa (feat. Bizi & Robin Packalen),2024-09-13
1601,Saule Aust,2024-07-29
1602,Black Nirvana,2024-05-30
1604,NOTSOZEN,2024-09-13
1537,Up (Instrumental),2021-02-04
1605,PER SEMPRE (feat. Bresh),2024-09-11
1608,Makigiaz,2024-09-12
1609,Banksy,2024-09-13
1610,Suvepalavik,2024-05-24
1611,Kinder der Nacht,2024-09-13
1612,BAGS IN THIS B*TCH,2024-09-06
10,glory of heartbroken,2024-08-23
1614,Gods Time,2024-09-05
1615,Vai e Me Supera,2024-06-07
1616,SOIS PAS TIMIDE,2024-07-19
1617,SPIDER,2024-05-10
1618,SELVIYTYJÄ,2024-09-05
1619,SUNSHINE IN JULY,2024-03-10
1621,Hab Bock,2024-09-05
1622,AMA DOREN,2024-08-29
1623,Ritmada Interestelar,2024-07-05
697,PEEKABOO,2024-06-28
1624,Ce Quer Pix,2024-05-07
343,Tony Montana,2024-09-08
1625,Kehykset,2024-09-06
1626,Evolve,2017-06-23
1627,Night Visions,2012-09-04
1631,More Of Us,2024-08-02
1632,Winkas,2022-01-28
1373,911,2024-09-06
1635,Perävalot (feat. Ellinoora),2024-08-16
1636,SE ME OLVIDA,2024-08-23
1637,OOPS (I did it again),2024-09-06
1640,Cuando Te Vi | CROSSOVER #5,2024-06-27
1642,Pedro,2024-03-29
1643,Amore,2023-12-11
1644,CHEEKY,2024-03-29
1646,Allo,2024-06-21
1647,LVDR,2024-06-14
1648,Nuori & Tyhmä,2024-08-16
1649,EL ÚLTIMO BAILE,2024-05-23
1653,Mám ťa rád,2024-03-01
659,Mammanpoika,2024-04-25
1659,heikki???,2023-08-24
1663,COSTA,2024-09-06
1664,WE PRAY,2024-08-23
1665,Aarre,2024-09-05
1666,ten days,2024-09-06
1667,NIE WIEDER,2024-09-05
1669,Take 5,2024-08-28
1670,HO VOGLIA DI TE,2024-06-14
1671,NEI LETTI DEGLI ALTRI,2024-03-07
672,ICON,2024-03-15
1672,MEMBERS' CLUB,2024-05-30
1673,Definitely Maybe (Deluxe Edition Remastered),1994-01-01
1674,Pygmalion,2024-05-16
1675,Ikuinen elokuu,2024-08-23
1676,Ekaa kertaa,2024-08-23
1677,Neliapila,2024-08-23
1679,dafür bin ich frei EP,2024-06-21
1681,(What's The Story) Morning Glory? (Deluxe Remastered Edition),1995-01-01
1682,lánc,2024-07-26
1683,Definitely Maybe,1994-08-29
1684,(What's The Story) Morning Glory? [Remastered],1995-10-02
1685,Island Chick,2024-08-29
1686,Starboy,2024-07-18
1687,feRRa,2024-07-26
1688,MILLION DOLLAR BABY,2024-04-26
1689,SEXY SHOP,2024-05-31
616,Viva La Vida or Death and All His Friends,2008-06-12
1690,A Rush of Blood to the Head,2002-08-27
1695,CAVALINHO,2024-01-25
1696,Viskas Ką Turiu,2019-02-18
1697,MALAVITA,2024-04-26
616,Viva La Vida or Death and All His Friends,2008-06-19
1698,Mylo Xyloto,2011-10-24
1699,Ghost Stories,2014-05-19
1700,A Head Full of Dreams,2015-12-04
1701,X&Y,2005-06-07
1702,Memories...Do Not Open,2017-04-07
1703,Music Of The Spheres,2021-10-15
1704,Korttelipoikii,2024-08-30
1709,It's Not Right But It's Okay,2024-02-23
1712,Aoleu,2024-04-11
1713,Vannacht Slaap Jij Bij Mij,2024-06-28
1714,Apkabinti Prisiminimus,2022-01-25
1715,NBA,2024-08-27
1683,Definitely Maybe,1994-01-01
1716,(WHAT'S THE STORY) MORNING GLORY?,1995-01-01
1698,Mylo Xyloto,2011-10-19
1717,ALEQUAN,2024-08-07
1718,Definitely Maybe (Remastered),1994-08-29
1719,Potra Salvaje (Hard Remix),2023-10-14
1720,Miami,2024-08-01
1722,The Death of Slim Shady (Coup De Grâce),2024-07-12
