spotify_id,danceability,energy,loudness
5LG6E6hwx6u84X7hMVkpKp,0.565,0.487,-10.099
1Qzgt6gOMrwhMlmiBl3jbc,0.714,0.697,-5.817
4wJ5Qq0jBN4ajy7ouZIV1c,0.777,0.783,-4.477
2plbrEY59IikOBgBGLjaoe,0.521,0.592,-7.777
2SdeE22RomGIWq3xZwk7aF,0.655,0.65,-8.151
2UD4l3evthKlDOM6HSrc9N,0.752,0.685,-5.798
3QCRSIRZyCM2JjR4DTiwzF,0.779,0.807,-6.051
7DY756WOLyOz2Xnhw4EFiC,0.538,0.658,-7.273
0FIDCNYYjNvPVimz5icugS,0.768,0.775,-5.06
5ZLUm9eab8y3tqQ1OhQSHI,0.68,0.909,-3.487
6dOtVTDdiauQNBQEDOtlAB,0.747,0.507,-10.171
6gj6FXx7jZXOOdLX4aNaSK,0.826,0.711,-5.649
4oLJGn19J4OWAPC7fV5b5E,0.458,0.879,-5.973
37B0CIBlKGtGrLp6PwtuL1,0.69,0.52,-7.536
3AWDeHLc88XogCaCnZQLVI,0.647,0.645,-6.425
1P8o6bOTyh1kEqe72JFzzO,0.842,0.758,-7.584
2262bWmqomIaJXwCRHr13j,0.494,0.413,-10.432
0Bb5TRJzYDMOswry6GKDSr,0.757,0.514,-8.839
7ne4VBA60CxGM75vw0EYad,0.554,0.808,-4.169
4vUqYLKsvAxlrvd9TEmtbw,0.572,0.581,-8.224
7tI8dRuH2Yc6RuoTjxo4dU,0.66,0.756,-3.743
2AKfAnct7MFEglIueZ7ROM,0.8,0.729,-5.232
5sFEhVXljNz3VPW404UHey,0.805,0.843,-5.145
14NwdA5jpFrLI4LCs2GBtp,0.48,0.518,-5.821
7CzIPuAZjl1K8wYPOOzHyL,0.815,0.865,-4.194
4Cy1wIbi2TGoiCBXE9qBID,0.843,0.633,-9.798
5jDcoEETEDGuFlKhPm6eIq,0.736,0.796,-2.489
6fi9kxR0M6S2chzb2O4YIy,0.748,0.785,-6.817
4TLyVQPY9Kuwh9ptK9NZBn,0.803,0.763,-4.327
40GLYWLoMFhkuoDImEwHm4,0.767,0.809,-5.591
5yGAxh5wM6di5gmlD79jDY,0.771,0.652,-6.218
3yLZ0xg3XoEwnl773q9Ymc,0.735,0.928,-3.802
3QaPy1KgI7nu9FJEQUgn6h,0.467,0.247,-12.002
4ltU2MHw7l9Mbr7NhbNjLV,0.81,0.803,-5.587
6YnNRZZH53YVue4gpk7jYQ,0.888,0.906,-5.386
0BUkQGUXgcvf3gdCWYbtnJ,0.905,0.861,-2.313
3sK8wGT43QFpWrvNQsrQya,0.625,0.131,-27.405
5lGXgWvY60L80gKGk5Clgc,0.676,0.621,-7.055
4pOGEJRVOuaa9oyy7qTGf6,0.635,0.636,-3.72
0NQyryTVbjGMtWMA1eSqIn,0.814,0.727,-2.841
6VH6SBNNL2RVWwImq046ce,0.839,0.64,-5.842
1kJml4AvYDxIMcJVt7nYlL,0.791,0.743,-5.043
5TFD2bmFKGhoCRbX61nXY5,0.142,0.195,-20.024
3TnSAp3TfGMYptOqv234uK,0.924,0.379,-12.101
35ISBknsCeZQtq66xABI9g,0.798,0.562,-5.913
2lTm559tuIvatlT1u0JYG2,0.168,0.00332,-46.113
6s1kzj4EbhFLXbuAGJbhbn,0.955,0.425,-8.242
6WatFBLVB0x077xWeoVc2k,0.924,0.668,-6.795
7EUmkQTk9tt93C5J746OzL,0.698,0.498,-6.852
1XRpRDBpJPjjcj406euOpa,0.716,0.892,-4.391
6mkkFCI8p2eR7D5FOjfmzm,0.825,0.758,-5.42
3BntzKsnLf2pc0dsvE3Zav,0.707,0.68,-6.203
2VyvDGdcVY04cNYou9MFVX,0.783,0.473,-6.493
3pN1lUACckD0PTkFzpxEpu,0.786,0.798,-6.177
3HcIbVeDYLg8u2DiqM4zuT,0.712,0.936,-3.876
2QwAzwjpruvSZ83t7wlZVD,0.565,0.84,-4.591
0vrKBjEBQAVn3sdhIXmpHE,0.65,0.767,-7.688
2K7HqkHEUfz7c4BzEO33Qd,0.694,0.81,-5.338
0GYx8Q9iS05CRe9kyzwAIL,0.955,0.571,-7.045
7GDEIrIOGdE5AkQfuk1FA3,0.872,0.814,-5.419
2usgKLp2V6HTqOXh9rlETr,0.791,0.617,-7.329
2FAZskT9yRjp2Oow9szJD8,0.62,0.843,-5.321
6AI3ezQ4o3HUoP6Dhudph3,0.898,0.472,-7.001
3ZaEs1O8BG581qYPHpQ8d6,0.47,0.652,-9.629
3LWVXp636uLT356Rj08Jaz,0.687,0.747,-5.496
0IsIY8pfu1yaGkPUD7pkDx,0.78,0.713,-4.493
7BRD7x5pt8Lqa1eGYC4dzj,0.7,0.425,-12.531
3Ah0Zwh5MURTocMQtIgfLm,0.915,0.43,-11.321
15mI8eh3ke97hPb8gZQxyh,0.915,0.539,-6.784
0aB0v4027ukVziUGwVGYpG,0.855,0.529,-6.679
3xkHsmpQCBMytMJNiDf3Ii,0.472,0.471,-5.692
1RiCNSkK4AfT1j8ZM4JnVs,0.797,0.605,-9.587
0yyFAbTlOk7DFhh6RSug9S,0.917,0.658,-7.253
1EDPVGbyPKJPeGqATwXZvN,0.466,0.872,-3.344
0qlYaRFGvgR6afy1f4BBwD,0.638,0.423,-11.952
7bi0RIjwiZ0r6HlW0Lb4eq,0.687,0.688,-8.163
1imPa2lzxmLKggLCpkBAoo,0.507,0.759,-4.948
2p9Jb5GxSdQvCJ7zTBSuXK,0.827,0.694,-6.477
2iYWspPgOWNEDkx7tSzD2Y,0.707,0.714,-9.009
7oT03aTBgEAC3MqizjLL71,0.76,0.74,-5.912
5GY1DG6DwtqCv7au849YRu,0.802,0.432,-9.566
420QMNPnHsbAqkkxBt2ifJ,0.852,0.711,-3.082
5MJc4IVIt17xEt6angtZcq,0.704,0.738,-5.813
6cGhVnQAJRxGVsltCU06vF,0.844,0.629,-5.822
41lOxc6ARYZPXpKeMWcHsD,0.595,0.761,-4.619
2L16IuIQgLL1HupWGN4F4t,0.739,0.577,-7.001
4X4R6qsIicxIQIFbnDcJLO,0.369,0.505,-8.783
7LjhTVncMxoH9X6KMWECgq,0.6,0.664,-5.155
1QcmAp6Ev2HuYxKujUwnw0,0.496,0.65,-6.109
5nFyfjGy6AMZqkW0OMUWJJ,0.584,0.616,-6.663
4MtjrbmBKdYRMTyEHqOUmM,0.78,0.768,-4.869
62OO2X47vPk5WxTx68HDqg,0.645,0.554,-8.901
50uGP4Bs22S1iPNn1hTo3R,0.63,0.577,-5.658
2DkiFEQ1ihXcYKaIRsfGFp,0.616,0.695,-6.953
00URgxWgyVoybGLhhmKr7g,0.774,0.698,-9.516
5IVog5NE9Ccw4cLrOqXSUG,0.639,0.69,-5.225
0WbMK4wrZ1wFSty9F7FCgu,0.7,0.582,-5.96
6393yGahSJ9slVdOwSxOVR,0.61,0.65,-6.199
5G2f63n7IPVPPjfNIGih7Q,0.674,0.907,-4.086
51rfRCiUSvxXlCSCfIztBy,0.53,0.406,-7.507
1eTaznNW4Xxtx9za2SMTXB,0.825,0.644,-3.24
2zOmS55knKWSgScYPTNmGQ,0.863,0.804,-3.685
3j6CeoBBlm40Msn1JE1SPD,0.742,0.757,-4.981
2HRqTpkrJO5ggZyyK6NPWz,0.699,0.776,-5.282
4KULAymBBJcPRpk1yO4dOG,0.429,0.453,-7.746
0mflMxspEfB0VbI1kyLiAv,0.664,0.5,-6.935
17WGfCmpgardtW5rRbaE7T,0.739,0.85,-2.745
6jIOiFrWhqvDGzwONFKl3j,0.913,0.573,-3.479
3u582Ft7ws5CvUxCsBHxwT,0.806,0.866,-4.404
3mZBqTbxSpyY5cZfbj5reu,0.649,0.701,-4.702
5v1qS9RS2g42zeXHevEdYn,0.923,0.762,-4.36
52kBWybNy033009vfeYu5n,0.712,0.451,-10.698
1105P9BDFQ4GZj7VS5vDuY,0.825,0.767,-5.013
1tI1LGUz4fZg8es7toVK6K,0.871,0.87,-4.091
2lQkm39mnvJWhEABSRduHx,0.891,0.698,-6.507
6DmpM21b070AdtXm7Lc370,0.803,0.844,-5.375
6dd2fGbktU3zOHHWK58nto,0.899,0.738,-5.318
2zIijzos3rNY6DkvX2ZYDX,0.812,0.598,-10.769
49Nl81fFdiJEVLhhhaDLqC,0.745,0.638,-6.407
5DfPEPrd3BoWL0NnwPlpTw,0.654,0.486,-7.504
51Tml3ct9q8cSQsegHWpdt,0.776,0.861,-7.243
6R2utRyFhiEBnyz6afQ9Pe,0.775,0.737,-6.426
7r0sYhhoM4hjeuCDlbCobZ,0.872,0.645,-6.897
6pLi4EGcJvdOWBBQ9fDV0e,0.776,0.595,-3.352
3aEHpJUXI2fs7qq6AV50UN,0.48,0.272,-11.579
5sevJDfYQG35a414MpthiM,0.669,0.792,-7.956
3Q3e0KMeCinQONCLJyO69X,0.713,0.595,-7.914
2aE2SRm4QraCuDBNnBsRIz,0.495,0.535,-6.225
539dzbXamyNpK1LA9LMWdW,0.612,0.644,-6.559
0ZUi3ZpCWC1DQnwW3bcFmH,0.743,0.582,-7.112
2acUYxCZbgndtm70LgCCbS,0.391,0.458,-9.436
0EwKlAawFATYjR7Od5ps6k,0.716,0.658,-6.556
5ZirPH2NK1tcghUP3tW8fa,0.801,0.904,-6.447
4f4x3kOLWIEn274ynz5Fh4,0.697,0.624,-6.877
37netkV0ymoeRg5qmwtmwW,0.807,0.642,-7.032
4cevw8iIIMDXzI0XIEnCpv,0.488,0.649,-8.345
2G7lPxGsVuwaO8uzQmw1BL,0.839,0.701,-4.653
7dzuYJwwtNnfcptmbD58aJ,0.498,0.734,-7.257
1y7dY7Xu4nWM4SK2dEnoAT,0.89,0.561,-6.908
1Mzg6bu3hkCwJKEf7v49MN,0.489,0.586,-7.218
2LwsunYgfRoqyIsNtgOCQx,0.678,0.604,-7.926
5NWpquAje6NyvxD57oXNu6,0.823,0.691,-7.322
7ifFhxRIvYbe4IuzIkY2Qi,0.77,0.426,-8.242
4mNttG8qiVh4BKrMUrUhCI,0.748,0.733,-3.688
2UntklImLREdP8pMAzr4c4,0.575,0.656,-5.888
5jX61gvbNenSDMldQrbtsU,0.586,0.666,-7.59
3Byu179ofnuChb4zF1fMhu,0.722,0.545,-6.346
728CCaVme0Ppv8zrG9caYE,0.683,0.637,-6.371
5FWF6wWO488FWlljL3Fgo3,0.633,0.832,-3.278
3P1pM5vlWSugzuBlVKRZjG,0.728,0.734,-6.101
4d7xDAIBA521hbsGZieQvQ,0.551,0.719,-5.011
7fdNCtxfZArtOZK3hLqqm3,0.72,0.804,-3.377
6zLzNEyVqtyZoohE75maSy,0.621,0.762,-6.052
3YxP03ZZuWO31SoE0uigI3,0.673,0.827,-7.134
0NDi2CgFxwY78d1CcVxzBw,0.568,0.758,-6.784
0uBQFamFpphOS27wIXPeiT,0.541,0.582,-4.668
56gErvTUBhx82XqEauET28,0.531,0.879,-3.746
76NMPdhz29sqm6pOnRkhd6,0.653,0.759,-7.77
4d4jaU4L2WiA4m181RaaWG,0.602,0.681,-6.334
5CbkZJipjT198pDW8v3k2u,0.758,0.754,-3.388
6OKQ4Zca1qPutoAP70WDJY,0.684,0.491,-10.579
52NFoPnzxOKPIcJIQ9mb5Q,0.326,0.841,-5.892
4n6PzDyWGkjAVRl74aR8Pb,0.803,0.655,-5.324
17MJxFMzJkmy1f9m1ubTS3,0.592,0.823,-6.443
0msAT2TjdYnHHCkS2WajM4,0.672,0.859,-5.457
4DnrAI8WyUY6gkOwl8GlPN,0.872,0.614,-5.618
1gRaHuKLW9Uo9qYkb7MvGP,0.917,0.68,-3.997
7d6yK8v8J484SWH5prIQiE,0.613,0.981,-18.638
7ricDBUakN3N0YkkKE8Obu,0.588,0.634,-5.112
59D4DOkspUbWyMmbAPQkxZ,0.148,0.604,-35.032
7DiNJqM6uyiYqqWX1wsqxG,0.486,0.654,-6.073
1yNYyCDT267YVxs5qSmnYZ,0.786,0.699,-6.711
4zbEItKoaRId1vRZkoO0Uh,0.779,0.737,-4.667
6TT5rB0Rwneb6ZaopHQir4,0.808,0.671,-4.668
0l0vcZMU7AOeQmUIREoI2U,0.833,0.563,-5.593
2kQ1OvmMzs1xdlH020aJJh,0.641,0.827,-4.921
0qeIFEGRQqHoaJtLCl0U73,0.744,0.709,-5.778
6J5kc12BW5HuP3d7C3vvx8,0.36,0.464,-29.598
5WEF0icHWmAZBBMglBd599,0.458,0.297,-32.354
5DdLSEyKh8zgCrJq2hFj92,0.716,0.462,-9.847
634CTghcuEDy2FXcTsLG5m,0.878,0.754,-3.62
6wvLcKXaXvFStiaUpQ8hjX,0.548,0.901,-5.499
5qih3ineeZsuEgr5TlyeaZ,0.637,0.873,-6.293
7AleqJvqrVBeQitkWntUUc,0.814,0.727,-6.423
5aZ9pmkHSO9R5vNxNffuX1,0.703,0.884,-5.246
1Bv5Gdvm899YYmjQg94172,0.566,0.95,-4.146
3gWBWLw3J3XTy3QTo36GqJ,0.678,0.694,-6.183
6j8OrKDQHxXakjA7KKbWzj,0.888,0.791,-7.766
4x7j9ed3FRH6CHj27kiTQ3,0.739,0.77,-3.009
61lNxSCj38lvmZjJZuhXSt,0.852,0.59,-9.754
2zsb697TLzjzMcRyhmuHt4,0.516,0.694,-9.007
4495xO2HkmqoYIxQO2FvAH,0.685,0.775,-6.502
1v1cijv1qjMJ5o9OvMWACS,0.794,0.625,-7.278
6IFqLvemScAOurr8RxZ50B,0.604,0.973,-5.465
0JtDPZDAIEIZbE1y7aSjTB,0.632,0.486,-7.62
4mVhmpRtHuzMFJlU3an4eG,0.572,0.607,-7.982
6BPcUXYERAahpunmb0AovH,0.671,0.608,-7.925
2z9FUHRkbkV4BObNzbHsFU,0.326,0.834,-3.189
2A1aS3mwuGuX2yk1bgxOvA,0.793,0.779,-4.609
3hRV0jL3vUpRrcy398teAU,0.448,0.369,-9.514
17phhZDn6oGtzMe56NuWvj,0.561,0.604,-4.409
69yw1KhYUuGwUbOImS0jju,0.951,0.634,-7.718
7G7mSV4BebkoHWwKTDvXu9,0.36,0.316,-9.954
0bxRSMz5WY1VuMmOhanE4b,0.564,0.513,-7.596
3pFcK6taoEkjfirkJWaTv7,0.777,0.882,-5.247
6x6EA3N9xXgptSakS7VZUg,0.601,0.831,-1.794
1XBYiRV30ykHw5f4wm6qEn,0.482,0.757,-4.586
3IZUwm8nYtVN6zqw9fa9W4,0.634,0.726,-8.364
6Ajvu1afirjocbZK934qqh,0.795,0.638,-6.401
4ZJ4vzLQekI0WntDbanNC7,0.525,0.488,-6.909
6hWRlcm3CHovEzXNjsIJUG,0.636,0.706,-4.548
7pas0lEEhW9FpmWkDJ260C,0.646,0.638,-8.795
2HRgqmZQC0MC7GeNuDIXHN,0.79,0.831,-4.185
4H6CSIMn1ZogPvVvO4MR8u,0.477,0.597,-5.653
0stJVUUSrbEwyFHOp2dRu0,0.658,0.753,-5.939
3dWT54uwKiBQ7JEqg3WGev,0.509,0.508,-6.541
5VOhg3dqCqRGWwKXF6DLLW,0.67,0.529,-7.15
5o0osRx8kYJTOqlOSggr9Z,0.525,0.66,-7.094
6mFtRPwwIHSFfmrRChicDx,0.812,0.685,-5.439
0dWhliZrU41gOE51Zgbbyz,0.733,0.711,-5.192
2qBns3n70EKZ8za48BJuad,0.742,0.546,-7.111
6uFaYYmb5ngSlqLNxsBMzs,0.755,0.601,-5.789
76JKIsdKrAfWUMjaA0u7v5,0.741,0.62,-5.505
1XaESunLfD5BmNNjSExrHq,0.495,0.543,-4.215
36lT6tdND08VVvv3HwbhZD,0.66,0.681,-5.242
1nzVNvN2bLkN8AMjfTxvTT,0.654,0.613,-7.343
7KA4W4McWYRpgf0fWsJZWB,0.558,0.559,-9.222
6wB3XstB0c2yO2iMLKnCDg,0.779,0.452,-12.783
7dOo0n6DoL0blDMp7o5MP3,0.829,0.588,-7.751
6EOpPeCBiBYF0yITU0VQwT,0.837,0.61,-6.94
5fRoxExnHugrODR2AA9L5P,0.729,0.826,-5.843
3wo3d0I5H8KjkwGvnz8WbB,0.671,0.753,-6.045
2DUQVPD8RtAcVZGzabRezv,0.754,0.741,-5.287
1MzSOhTWEPzy18WT0hzcK9,0.693,0.792,-5.744
0BX3JjlMC0KOUD1zqXc3Eg,0.757,0.798,-6.518
5cAzaNbU7AEgfsJgL9sbtX,0.561,0.261,-8.023
3gEmQZnsmDrttYiBM2WYdD,0.62,0.703,-5.053
6aO53Wsz32bgMBytw6pIYm,0.686,0.723,-5.015
2gyHr9WqZeMtzJOpWGuGo6,0.33,0.355,-9.703
05ayHD9SFkfqhVUOUxBOyv,0.638,0.922,-2.969
0Tx2AeVKiYQjk8u9p4j6kV,0.535,0.863,-7.043
4MSj19TwYBLgDFj3ddEeco,0.853,0.618,-10.833
1JSTJqkT5qHq8MDJnJbRE1,0.82,0.452,-9.796
4WXX611x1aCtwcqVJgA3xb,0.762,0.805,-6.63
5Bp7TFENcgsdLCL8fMOSKs,0.645,0.543,-6.967
2AeMy7dwvoPuof6xDmncUP,0.607,0.884,-5.143
5ehXToeJ8Tgc4wMhY42Oul,0.597,0.522,-8.918
6s8WSX1MxNThrot8ThI6fG,0.625,0.847,-2.95
5z1XCZMzScqeqCe4iUh3WA,0.693,0.649,-5.684
19XpFsce28aByvCC4g89tJ,0.74,0.643,-5.446
3C4vDKPYaUpG0ZH8y4axeV,0.844,0.86,-1.183
62fvSFu3kdDzTd0z5LQcnX,0.606,0.757,-5.136
42L8fRwgmWXnNcq1R5QsJr,0.756,0.87,-10.156
0fvFSGvEAPDDMfweKvDJVa,0.762,0.701,-5.553
3wPPWcVuinAU7dXcJXtCID,0.772,0.65,-5.202
3DnNuFjrbNnlk6RMqmTwlN,0.389,0.766,-7.66
1KohQJDtYUyTND7I1TYvWZ,0.423,0.729,-6.011
4Mfsri6LQysBP0djFNtfkP,0.704,0.559,-9.034
1bqmvjr2em5oJAG7cmE87Z,0.572,0.556,-7.292
7jXsy4OImDST31w02WkIB2,0.604,0.836,-5.514
3lvEgo0jCWiEVRHIi0ndin,0.356,0.47,-9.941
6sQKCDYEWKGT00fk3hDRTR,0.554,0.507,-8.491
4mE2Ot8SMm52Ch7Ae3AEqe,0.551,0.812,-6.732
4CGEP1odjhLwN4dME5A3JZ,0.334,0.31,-12.168
637oNhilCI9UlkWkUW4Grt,0.628,0.616,-7.423
4oahRRZECfGud6eL7Lj7CO,0.525,0.661,-8.407
4cYllEeJVH7dWKwQxpbk42,0.177,0.422,-8.557
6PsAEonu4CHFA08kQHUiIY,0.772,0.684,-4.473
50zAEIE4B1QqhPjRMK2Xmh,0.487,0.711,-4.22
50QqfN2GtqPkbWsgyvym8H,0.794,0.713,-5.509
7C3oERNJREblyc7pFGfIL7,0.676,0.765,-4.045
2QW5EuNN9bnowa0e0JKsVM,0.571,0.631,-5.115
1DAt3ZNO7EC7XdmhShTiFT,0.604,0.677,-5.064
5JEF7J7ONrmeybt3AqNM1e,0.557,0.633,-6.023
0ZJ5DdqdPLF43k9hW4xxsx,0.706,0.774,-5.643
1yUSmmIIpVSltxLWypbMKa,0.717,0.708,-6.171
1TsTmrqd7lQszT5BThRKAX,0.584,0.674,-5.061
3HlWVKwU0JqJXqJK9DWHnZ,0.545,0.752,-4.989
4OzNBJIHhiYKRe5COThmC3,0.876,0.619,-5.383
1wYyJvMvmVUpCi7MA41HB8,0.72,0.732,-4.649
2ZmVdWCM1jnwYFzaipAsQ2,0.562,0.772,-5.483
6icyqOE3JyCbxn61NGbo8F,0.765,0.743,-5.399
6VNXmo59yDYgcwLS17UNAW,0.328,0.153,-26.802
1LX9Kq7JFcEINO2a04WI2M,0.744,0.751,-5.045
362rGNhj1jcPYQCMDVofFj,0.83,0.86,-5.609
6cRcEbECMFInRvxyKxIBNq,0.864,0.687,-7.036
1miUvxUZfqDAXtA4vR2MIW,0.632,0.588,-8.793
1Es7AUAhQvapIcoh3qMKDL,0.769,0.722,-5.485
5gpnZRKW55DdtZ9Bl65AQH,0.769,0.428,-10.141
2yUZv6utvoeV0B79YSn7pq,0.822,0.866,-4.205
0xGQTpN4ESETtl1Sp6rzd2,0.574,0.659,-7.377
3BAZCKKEbilNdQgTSLBca9,0.746,0.831,-6.021
6czAdzw7kRxwJmYQXYutCD,0.7,0.669,-9.075
3cwVKjzKSTfvacYJF6Tkub,0.473,0.832,-5.633
7uUZf0d7YEFvfEspnYopXN,0.764,0.715,-5.48
0gtXJqBpuLg3NN4nOXIi1T,0.703,0.731,-4.355
1u9C89v58yfZkMgFe7rBS1,0.851,0.557,-6.512
5fZJQrFKWQLb7FpJXZ1g7K,0.722,0.706,-4.857
5Iggzehf27frKvnmEB2j5z,0.524,0.559,-7.463
0NKMw5wj6CKfm0MmjGBwuJ,0.775,0.778,-5.287
6j884ppNhHrlqaYn7kQwLt,0.765,0.904,-2.563
2wTyM2gmuk3MdXVPDLNdmE,0.685,0.57,-8.046
1GiJNHhNGReHSeHbkU02DX,0.937,0.531,-7.6
5A5sHRQoeJHzMULQGPLoOV,0.728,0.711,-4.275
0M6h2AOJ6YjnkdGfeJEmuo,0.732,0.717,-3.983
3iRoXGFrF8O0jTul6LAmus,0.582,0.986,-4.492
0IWHAYlVJISbDL5Wx1aXXU,0.779,0.565,-14.227
2E53s8cIrRuty1aZdAUqvQ,0.747,0.789,-5.301
6L7YBeIaRiLNkoeaCdHXF0,0.709,0.525,-7.156
7wEXQwcaPbhTVOwXxOAz7Y,0.881,0.538,-8.246
4yVTPAQ2bHS1PsbkMSXWMf,0.718,0.537,-9.448
42h86ylKVDlq3DK5ei75GK,0.78,0.816,-6.276
4pftaoQbbheCXSdleWIeDK,0.834,0.683,-4.254
3Tgv4rvWBVwnbmUTlJwzk0,0.517,0.206,-10.841
7fjCfuKwbsbQsPnQ8R7oyT,0.856,0.87,-3.301
4MUrUT38U98olfnyzMBCzm,0.326,0.125,-32.45
5NJ8q6zVtTJPJhzLfwZPNp,0.56,0.503,-11.298
3PAvwFSVQ4K4hMo7yJLv0I,0.743,0.655,-5.947
3U2UZLISDB6TjZyOQbASIg,0.81,0.768,-5.145
26yMwoEBtLRYAUcKKk0uIY,0.536,0.755,-5.355
1b6G5YNi5akoOpwlqnulH8,0.611,0.73,-4.769
0cQVqPuHQP4KEwc7ZUQmj6,0.613,0.808,-2.851
483f85BfIrb9X4wDySDMhu,0.631,0.732,-7.219
3TXsgEcn115c1SC6eIjG9U,0.605,0.571,-9.101
4MXAjSbfE8R8ugq99HKHUS,0.79,0.787,-5.79
1RZQfURtYA7RYzontyWTI5,0.875,0.721,-5.193
7g4EKsrNrdZ4WzUxf4beOw,0.525,0.658,-10.226
5mIZDaHvWBSSFCOdQrlhEd,0.725,0.848,-8.248
7lcbpfihslisNObKdHjyLo,0.706,0.631,-5.812
5TOvA5Uhxti7FPh0EIdClV,0.842,0.499,-7.244
1h3NOjMsuH3ij4rF5TeQTX,0.822,0.754,-5.483
7gMfVc4zfNIxuMyMGglOHa,0.372,0.567,-4.211
2RPhv8h2qctj8PH1r4067D,0.785,0.677,-6.163
46GIpYTmWhr5MEiwE02pYL,0.683,0.525,-7.256
2CspwnypzT7rcWI9RfsoSb,0.894,0.725,-4.984
3BQqSkF8Raj9lEzJdscmmu,0.733,0.867,-4.767
18ilJfI0M9nkz2O3EnT9cS,0.646,0.564,-8.823
0PBTlQ84CBJF0tBnKGmQa6,0.466,0.601,-4.468
5gGT2pleKQwQuiKxz5wYfe,0.761,0.702,-6.41
4xTjO1NgHBEbINFUQ9Kgao,0.577,0.882,-4.056
4z0vfU3JiAsl99ZHL29hMm,0.355,0.404,-5.795
2xSRiUXk2nQ65Qngjfxdk7,0.742,0.808,-3.181
610qP5fEpQMv7gzyLipesZ,0.746,0.845,-3.258
3Bn5vG7vienkREO35aoaKK,0.599,0.857,-4.058
1RkyWVwtYMAChNGZYluilS,0.657,0.783,-4.795
3aAEe37ejOhTH4sfO17xow,0.631,0.929,-3.126
6kWDmNlOoQ4rgqla5iRKeg,0.411,0.687,-3.333
7nFVwxI6I9gHaNSBR913hE,0.509,0.519,-5.243
0yHHRRby7OZ54qY8scFcBa,0.788,0.708,-5.64
7hbk4BaF66O09R1gq0bKwj,0.644,0.568,-3.077
1qfoq1qvZT7VwDVeekCJ97,0.504,0.503,-3.313
3JvKfv6T31zO0ini8iNItO,0.445,0.537,-8.532
1sqe31TzOsjCeex1INgmsq,0.672,0.838,-5.246
6ZpoRaO2cfXR1dti2N4TLs,0.682,0.873,-3.672
2QjOHCTQ1Jl3zawyYOpxh6,0.612,0.807,-2.81
7hUjUlcZyl9N6zWzqyYbjs,0.848,0.647,-8.062
38grlitW19BsvUcEE5pz9Z,0.693,0.791,-6.373
28VVWdNsM6l05eOiJfth5X,0.648,0.609,-10.664
7eqwODSSwRSniktCjCXZyW,0.809,0.689,-4.708
4iD4W5c2bpkLRoFbzUIuR2,0.812,0.693,-6.621
36pLU2ywVeBKEF0rrKtmCB,0.772,0.65,-5.202
5RKQ5NdjSh2QzD4MaunT91,0.505,0.754,-7.435
21GsqFA8PIr8rF4NaknQDb,0.933,0.724,-7.625
6Z0Mb8terxwVLRvSYQhwgu,0.725,0.672,-10.382
1DW8jLfwnWHdgrGPqsqGZn,0.644,0.792,-5.802
0nDJPe1kG1xVrtgatH7Xj2,0.761,0.869,-7.38
6bzGrlf9EaFBGg9fC8Nd2H,0.602,0.803,-4.753
5tgSjvWO685Z0mYKefArMI,0.948,0.771,-5.205
3wpiU5pc42REYEW9vd7fBa,0.75,0.739,-5.87
5rrwj9g1c4kwnPSnsXP7g3,0.715,0.593,-8.096
0zgcef8wT0O27OI2vPGnB9,0.852,0.615,-4.477
2Zej1ZTJJNDcRj8e8iWUUo,0.793,0.806,-5.244
6jx0JZB3f0Cc2jjdldYaDb,0.618,0.508,-5.09
25fvND4h7BT76CB77Mjsm3,0.741,0.771,-5.569
3T8y3z2g4KTQqtRjTY05JM,0.885,0.774,-3.874
1KGRYDGIkt2DOwjXdPicxF,0.734,0.753,-6.533
7A2IHlYAKZuf8bflrCygqq,0.681,0.769,-5.398
6LyF2fjteau0vri1xfTK8Y,0.595,0.883,-5.189
5sxAbVE0ZP9QnaHY64AIDn,0.739,0.631,-6.881
7KmRozNJiNX1WUwrmNYKbJ,0.7,0.754,-3.939
5zA2BHY7HTtB8tSUcTe3wO,0.641,0.664,-6.361
3rDYrvKA6bLhp6llXm9vOd,0.966,0.566,-7.565
5uyUYBf12MoDctqYKEUFti,0.879,0.766,-5.832
4TnEIYOXZ9KBGHOIqG5Xs5,0.886,0.534,-4.712
3nHuKdFJZm78CoeBnDcFKe,0.707,0.68,-6.203
0eaVIYo2zeOaGJeqZ5TwYz,0.328,0.631,-5.169
5nPbKG04fhLkIAjcPFaZq7,0.704,0.787,-6.751
5vJZJYWKf9tRbAU3qVZ8Hz,0.743,0.462,-11.756
0g4FU2WlInNO2VfAQzm1sK,0.708,0.747,-9.305
4GkgNC3bpLqXyuxWvlNfKI,0.811,0.758,-6.08
4xdBrk0nFZaP54vvZj0yx7,0.742,0.757,-4.981
32btQnrL0HR6M1KKAPf3D3,0.503,0.202,-10.827
7rgTr97Ob29FuuKCHqB7a4,0.749,0.806,-6.069
28kVaTdLsVqG1VRTbt8tG8,0.683,0.637,-6.371
3Pf2yQgJ1B8vKgPFd1oOXC,0.758,0.754,-3.388
4xlcLdfBSMO56LEbhfbVtx,0.721,0.924,-3.408
5tfW3t4zAZoeftsKQI0jD0,0.503,0.416,-8.935
2VB5UCCjEUDo9IgJjVJXUp,0.886,0.623,-9.678
3DVjjnzWtCURhhGlswtymg,0.751,0.745,-5.726
0uSHA5dbsCRMmzbidwhKwl,0.771,0.59,-6.814
3BtlvDghLuJi7USst6Kuri,0.623,0.749,-9.211
5Vu7pV0kzI3hMOYJ82QNma,0.528,0.591,-8.591
2CGaabfPeMsfEUpYN7gOti,0.665,0.632,-5.963
7Lt9GmQADKBkE5ch07n8fY,0.727,0.506,-6.901
7GWU6dQFjYF5YpsAUwZfGq,0.561,0.312,-8.969
2q94C1i58OxdqyApjWByeC,0.789,0.627,-9.893
0IVAYMUDvpzFxIEuGc71SM,0.588,0.819,-5.417
5EcG8eMMlwkHRVa4aTR1qd,0.799,0.661,-4.709
2eAU0Oij4NkduxThjzhCI6,0.74,0.77,-3.01
6PxNbn9eM5SIDTBBZfG9PX,0.696,0.873,-6.038
73epTVTwGh2rSnMkrKmgJS,0.71,0.709,-4.724
57rGR508WSO4Pd30AWmsG3,0.365,0.755,-8.424
4QUEpIpyYXJhk8LB2js3Vy,0.576,0.647,-5.514
1Q9Efnm5csdCMFynISxL2x,0.513,0.0302,-33.8
49xsSDb0cfQCIgISzaZ2eg,0.826,0.747,-5.716
51OiYIROicWw15V5Pcbj5g,0.772,0.612,-6.395
0AkyUrjS2IPfecr6M5BdrB,0.477,0.788,-6.391
5jV4d5tKtmXnezEFdPsZac,0.529,0.591,-8.294
030EFrbwkbphp8YbXzI1za,0.528,0.658,-5.949
0sDvLAIHUVOvexs4k6jkG6,0.513,0.371,-10.022
7jMSd85QqbHjqlpDSr66Hg,0.805,0.745,-5.044
45zLrK0668WQ5JFMyiYmCS,0.786,0.836,-5.839
2vLNQbj3xiNR342WoZXpln,0.582,0.876,-4.957
0iKo4pNNjHHdKUcFARlfCa,0.516,0.611,-5.486
02nm2yGw7BygWmRcbFhAlC,0.483,0.776,-4.584
3BRLnK5qysz8kpIQXC3X6O,0.77,0.547,-10.388
6nzkEpU3eA2lGkdZ9Q3YkH,0.546,0.703,-4.222
2tHwzyyOLoWSFqYNjeVMzj,0.675,0.586,-6.086
766qL8sOkmsPswhAiOzrRC,0.736,0.594,-8.523
6Qysn1iEj418NwIx8K19RC,0.562,0.875,-4.492
5E4jBLx4P0UBji68bBThSw,0.445,0.537,-8.532
3ehM4O6uytS4oXhcQTXFvL,0.497,0.659,-8.48
1DhAbQBX3GtlSH2qnZPei9,0.599,0.811,-6.155
5tDAf9ncBOKjiVxeOxdX3M,0.654,0.48,-6.591
4ZXIRnU7kU6HCxjIUEVgoH,0.794,0.612,-8.778
6hKkzk8UlVUj9ioPCyeH1O,0.939,0.812,-6.053
03dUoht4jmfAZmpgCvOIkT,0.698,0.482,-11.084
2zu7dft7bDu8Cg79rNR06Z,0.26,0.462,-10.871
13VGfvXJBnbzwE63rgEpYr,0.568,0.735,-7.112
79FX0yYAC5aME9p925qqhq,0.214,0.609,-7.395
4tKYYeJUKdWxyiWlVqUIj8,0.705,0.633,-6.586
5emD8K39MmotlCLOx9qzCH,0.834,0.683,-4.254
0gMAO4PI9TouRkGagGBwKJ,0.478,0.712,-5.983
3f1jFXeKXlRPhW1S8yEgmj,0.908,0.555,-5.84
2fN0WtSuvClHugsOWay40Z,0.683,0.827,-5.804
5EkMuDnIgE5WySSvQKVdAh,0.806,0.702,-5.189
79M5yt8gZUTTvRXTdowHRj,0.604,0.699,-4.927
0qlWbEgUuf3pSPLww80kMX,0.876,0.783,-5.068
4ZPgBmWL0HQ87T1E8dHoHk,0.66,0.916,-6.556
7kgok3Ui6IF9QeFDce9wMm,0.445,0.462,-17.717
3od4M5sqkjk2igUiuciUQC,0.938,0.564,-8.369
0cvBT4NeKjhFBI6IdSgtVK,0.718,0.537,-9.448
5dRUmsrpjsyN2ta9CP28RL,0.735,0.602,-8.566
5HVr2Ay42xJgB2VZ7CUJQJ,0.882,0.636,-6.876
2uLxzr65ynj83kyIsKZ3fm,0.538,0.769,-7.613
5v9RI8UmSTgDSsZ8cKENc5,0.875,0.814,-5.419
3JG1uFc40wfyrqaWC7iv0e,0.599,0.946,-4.263
5mOazYGaNJnv1zxMyNH6Rc,0.566,0.627,-6.164
2O8jjjtyEfXliQ6vdtdPvH,0.88,0.544,-6.381
75Y6WgUldQN8mipAVLy8KJ,0.547,0.701,-7.09
5M5Rt2u2ct3IBgXHp5tfao,0.635,0.744,-4.664
3p7O1Dazd4PEcZsDl8EN0R,0.559,0.736,-6.376
4CiCkXKT895ANPBhePPqIX,0.657,0.683,-7.11
4c2Pc0NrfkesPR0jff6q3F,0.27,0.277,-32.187
4b3W0IbHDwHCvjSs708Tr4,0.857,0.687,-5.777
7bkUa9kDFGxgCC7d36dzFI,0.359,0.336,-12.895
77p59nG1oU5pzd20rPxBwC,0.829,0.539,-8.037
6WUGsDp56TjkMRrF5WsElJ,0.646,0.597,-6.258
3dKcM8hjODNymMKhWWHi47,0.757,0.693,-5.219
0M6Rh4nTaxVJefzV9IAVFq,0.739,0.698,-5.324
3kK8hgEtjb9tcBjIRv2674,0.731,0.799,-5.456
1hls6dgYL9TXFhZWPp6dlf,0.624,0.479,-7.381
1dmBllk5d0c85H7IlfzTCA,0.829,0.693,-5.18
2iCVUhdByNBLrn7qJ15uub,0.816,0.841,-4.912
0NpnewoUQnw3Tnkv6MjAsZ,0.253,0.421,-10.362
4SMXHvHA1FtsekSN6BWnJy,0.811,0.639,-4.831
7tCuCjhxzjX2XCz4JiiAsp,0.358,0.12,-30.487
5jtca751346RjMOjNh4M0P,0.706,0.52,-5.828
2aPTvyE09vUCRwVvj0I8WK,0.721,0.707,-6.364
1PmXx6jnqKzaJnVwMwQqUl,0.945,0.546,-8.676
4jkBnmyINno5OGQe1D5PK1,0.679,0.849,-6.936
31lZDgdGLl7bzGcVqtuWdr,0.731,0.769,-5.914
14QaXYIK3K3QPtezqxRRPN,0.636,0.667,-4.708
4uEhUyE9dnD1tF19YQXOsL,0.48,0.73,-7.697
6P3HLPsc5pWu3sZYxL0S9N,0.74,0.803,-4.003
79x7xtoCLpf6l32Zz6mWo4,0.4,0.07,-32.756
64f3yNXsi2Vk76odcHCOnw,0.954,0.746,-6.113
0rtDE9zfXbamTlRUSwY7zy,0.646,0.668,-5.203
7cfIbKCASPe9FDhYjaQnDd,0.8,0.732,-5.952
6tbEF9YpayX9uqAA5ezx1j,0.705,0.889,-3.433
5lU0E7fAAGeWEG5I0ivOeI,0.833,0.908,-2.318
61OXJetNS0DLrnsKAA6kcO,0.838,0.631,-5.939
1G0hCIte0tie8QeoyXMh2D,0.59,0.892,-3.883
6c1tRwIOxWNN4FCbFDnrlA,0.491,0.721,-9.697
5sriJHk3fFhQ0tqlMDKkpM,0.526,0.713,-4.517
2pilqAMqJMjbIQSnQVNdMv,0.74,0.799,-3.581
2DlJmT7KLNuRWI2NXG5SZy,0.735,0.785,-4.727
58UG7KIB6t6pZA4VMHBytT,0.799,0.795,-3.003
2f6GG12VL2rGMS9BGjD7rM,0.738,0.772,-3.88
6NAH9oIArEWuf70CS6QAby,0.774,0.817,-4.352
4vqY8SB6XArs7IkEpWHTw9,0.708,0.74,-7.765
131zIBK6CCIbKPy9Nh9yvJ,0.756,0.64,-7.219
0nI4wU2023g1mFho21Vddr,0.686,0.67,-4.95
7nnTebRqWMU92pbdF1hpk5,0.86,0.64,-7.084
2xtLPeeUmIzM1hFw2qeH4U,0.725,0.771,-5.551
3aLVY5iDFX6INGOJnA7tQh,0.669,0.559,-6.686
5QgpJEqPmM1Z0IbpnMKad7,0.574,0.637,-8.472
003vvx7Niy0yvhvHt4a68B,0.352,0.911,-5.23
4kag79fXoj4FpDB85RSxrF,0.715,0.615,-6.773
3shkGvIvCCLi8Tml4fdZgw,0.72,0.679,-7.049
5nk6BxN9bM5rLNkA3pMOzn,0.673,0.795,-9.12
4IBVt8rAiedyPBORzksLDt,0.831,0.786,-8.174
6Bc7dsZGUtwvbVEwmSU94q,0.854,0.825,-4.911
1SaOnOcniGVeCT3qVHJaGl,0.785,0.798,-4.428
3kZKMVIrGtWrN6d3U7rEdG,0.589,0.592,-7.056
1vB66BcEaKleBtEn4Z2poK,0.74,0.672,-5.589
6XecxAsY1G85Zb1COeKEdC,0.767,0.716,-6.722
32cwemsMJdzzsOYjVzfYMS,0.71,0.414,-7.704
7iyaHDzzroBgzYahnMSPFI,0.458,0.591,-4.829
4tOCLn5F0GHaPl4p9RPQAb,0.944,0.583,-6.07
4Y4WONCxSi9KPDtvtuoewD,0.63,0.682,-5.003
6nanWWO9YYAShPnUbC6vQ0,0.903,0.587,-14.847
0KaBRSJ3y94TNQbFUf9WBZ,0.778,0.733,-5.916
5QFz3c9kGLZ8LKLl7w1fpC,0.713,0.773,-4.965
0Sk51UsTSB4jyskVyb7u9n,0.712,0.564,-7.007
6sGPJxpOHbXF8BJGmoO3B2,0.869,0.67,-7.046
1GVDt0vn0wJ1QemPfMEWTU,0.654,0.766,-7.101
3XOcMFFT6Oo2ZCXLJ9lqdT,0.636,0.541,-5.791
1ej2NcW0CHnscPp1RZpr1V,0.668,0.549,-8.024
3yFgWoossjlaJ919XDCG4C,0.603,0.6,-5.875
1zWdoNRmxhBaAJiJI2SI7j,0.704,0.6,-9.297
7lfGwPEtomen5rs2wGwIha,0.952,0.599,-6.408
5RquJn4F0DjTTzroC5pQRY,0.744,0.867,-5.116
4VrGda0RcxZR26KoOevlkj,0.885,0.64,-6.886
1ZAY0JeV4APCcfvRkwTWEH,0.449,0.314,-10.996
6rdy1vGWSpfPxKnHujzMmY,0.861,0.575,-7.967
2nLtzopw4rPReszdYBJU6h,0.488,0.87,-4.185
0qGRWcPOMkkt7edm4wMVRf,0.701,0.387,-10.795
4jUZymsR3lkia9wkP0o9cX,0.64,0.588,-0.766
2drZGdAOxfE2KoMGTkidmq,0.765,0.669,-4.029
6u6yLaxKWGQAUdzbisoGUM,0.839,0.558,-9.121
2JtsIAfAu4PFyjlk17Hg3M,0.831,0.786,-8.174
6hBvXhUosokAqnc701pVE1,0.847,0.444,-5.737
2iEXkEB32esmNExcEyKjKc,0.695,0.694,-6.209
0QZ5yyl6B6utIWkxeBDxQN,0.545,0.366,-9.51
0fGiTi5MT5MN2UgHYj9YK2,0.758,0.682,-6.004
00h0W7OACncGvIWVhwGhPX,0.857,0.814,-3.347
1UQvRmRhbX3WxSLW3NbUIU,0.663,0.564,-8.569
4VhSwcMCrXQgEfwls3s46o,0.751,0.534,-7.675
64bxVv3TopB4ZxL0qYFjl3,0.656,0.645,-9.233
0sHrLJSJjXgYfylCXqXjGN,0.602,0.855,-1.179
3Mls3f2j9xGRqRRsoKA0Ef,0.734,0.69,-5.662
3gZHFbrbtx94WThAqx1n5Y,0.779,0.861,-3.755
4iJkeikfkJ7EzkR2xUu0m4,0.67,0.724,-6.854
492KK2E3cyWKthhZKBfEr4,0.747,0.688,-5.309
2PJV3Ef8OzZId9Jfvz9eCn,0.516,0.679,-7.99
4AL9zhaskF0Hz6gX7pjtRi,0.65,0.768,-7.689
7CAvRQERyVmZzGWW3KEuuQ,0.694,0.81,-5.338
2SR0alFA2oWYXSoePGTj0V,0.538,0.738,-2.412
7sj9VfVtmcEZBDbRAsVXWY,0.84,0.677,-6.065
1nLGeFQuY7PFxrou3ezEvP,0.63,0.792,-6.72
2c1T336Kuvm1OzcNGGpxbm,0.759,0.752,-3.505
1mea3bSkSGXuIRvnydlB5b,0.486,0.617,-7.115
7i2h7kjJHMsgr3EAxlvhGG,0.611,0.398,-9.096
2gI2IA7QGtzKZKuahon3W1,0.459,0.548,-7.113
2Dct3GykKZ58hpWRFfe2Qd,0.68,0.246,-14.112
2XHqalPmKugChuhFtMBErf,0.788,0.532,-9.396
3zOgFY5kpQ6p2cwPIquZks,0.516,0.611,-5.486
0fKK51bU6lcCCwdNnv64t3,0.816,0.762,-2.864
1OSOHTBFkIkhUtxhOyUksc,0.636,0.667,-4.708
58ldPuiCULxm08TCZ8qX4D,0.829,0.786,-4.879
7jtQIBanIiJOMS6RyCx6jZ,0.442,0.538,-8.55
6uqPiwfxAH9aUtnJzomaX2,0.858,0.442,-6.143
33ee2rByDAPDqYwPeXvhYY,0.68,0.775,-5.365
1QAvmMUR9gDtKr9OCtCzh1,0.786,0.74,-4.36
5AGnkbWCiF9u4ra54N9X1a,0.704,0.89,-4.649
2mnehJ4xPqFe4cNi7BG2rc,0.685,0.615,-5.119
2318Aoqig6HS9YkHGlAm8T,0.613,0.522,-5.501
0Sr7ssScx54yxdM2ols7nW,0.56,0.681,-6.304
0glj70T9fN3kyJzYmTKzy1,0.74,0.738,-6.495
53OKRnaKKAT3bCkF8WIY8C,0.668,0.759,-4.303
1YYfyJ2yCvGFCxwjsIqEK9,0.687,0.627,-4.975
51wzXdbSUBQt0bcjBpLqXR,0.714,0.648,-8.197
6vBuEFImAx36hDYiYqBtkZ,0.569,0.56,-7.768
7vLGH3y3J04X7wuyohnV0n,0.426,0.115,-19.224
04oPhVXi8J0dN84r8oCH3t,0.957,0.885,-2.308
1NgWfYWI2bzBjBI0TsxvWU,0.488,0.799,-4.681
5IZXB5IKAD2qlvTPJYDCFB,0.644,0.874,-4.723
2PWJx5FwMrMVEaTjwYait1,0.762,0.564,-6.934
5HOb0pplKABfRqQc2RyPdR,0.602,0.878,-5.508
7HLjXn0DkzLjVfCM8GePX6,0.678,0.943,-4.762
1fSck3p58YKlJVRPwOD7GR,0.528,0.919,-4.573
1FrYb6D5rPpYAcDWz0WykM,0.863,0.477,-13.434
3Vr3zh0r7ALn8VLqCiRR10,0.635,0.601,-6.129
6BbY1PRIpGi8jxyzmrSibV,0.765,0.904,-2.563
6D5QFkJLHYuv5f7hvslZxz,0.748,0.738,-6.472
6uqUEyqPScFznadOkI7Nvm,0.943,0.714,-5.484
0SUcbn6qR8N07qb7QOIkN2,0.873,0.581,-4.575
08J3tcESmdRb8IjT12FG50,0.811,0.87,-4.171
1aIJLbvrWSW7NGLlprGhBo,0.413,0.665,-6.391
1WGmyxoPCfOrk7uT2z3Zuu,0.761,0.833,-2.936
2C2vSufLm1wLq2GjDH3iMh,0.799,0.919,-4.821
2hIFhSltVcRU1oJ3kf8Zy4,0.84,0.856,-3.743
2qsT81D8z9RvySMECSLs81,0.842,0.832,-6.097
1BJJbSX6muJVF2AK7uH1x4,0.727,0.782,-8.529
6d9eOuVkzV4XJ8YIWM3Q1k,0.717,0.689,-3.546
3WMj8moIAXJhHsyLaqIIHI,0.369,0.192,-12.151
6iiW35hSlD0H9AAWpcv9Ii,0.879,0.744,-5.277
2NcvQ8N9ugSMforAJT0A4Y,0.798,0.601,-5.97
0Wr98MVkENZXddiLB3bPb0,0.567,0.772,-5.577
30Ycic1p43sN4KlzK9MX4G,0.718,0.655,-7.492
71hoYrgo1nxzWp9hfhu0Fi,0.688,0.714,-6.872
6mnfGyPzbzSe8olYGM44pU,0.674,0.603,-5.401
09CnYHiZ5jGT1wr1TXJ9Zt,0.673,0.95,-5.149
0h3Xy4V4apMraB5NuM8U7Z,0.875,0.518,-8.388
3U5JVgI2x4rDyHGObzJfNf,0.706,0.8,-6.333
22skzmqfdWrjJylampe0kt,0.633,0.927,-4.468
59NraMJsLaMCVtwXTSia8i,0.638,0.717,-5.804
3qhlB30KknSejmIvZZLjOD,0.689,0.454,-7.643
4KzxeD91DwTgMu0uArD6tg,0.748,0.775,-3.229
2FRnf9qhLbvw8fu4IBXx78,0.735,0.478,-12.472
6kYH6A4SZbhVt6IAJ51r25,0.632,0.261,-11.61
2uqYupMHANxnwgeiXTZXzd,0.756,0.672,-6.743
6C0SXfD7rR46MpWK5VJSEw,0.872,0.708,-7.472
6m6DLvkfxlezevfiD8qD4B,0.68,0.775,-5.365
3emibWGqiCqprAZnSS8MN7,0.828,0.633,-8.136
0mrORgneqQlAw5nhDb7tSg,0.799,0.81,-4.558
3OewdIjWctx4TH6jswXRrc,0.64,0.633,-6.43
4wMR1bMmnh0d9nRVFItM1F,0.779,0.544,-9.433
2lftd3hyoAZ0DdxwyUqBw5,0.676,0.776,-5.413
67LKV40NfSSGIJnm0xz6fi,0.68,0.797,-4.652
0bYg9bo50gSsH3LtXe2SQn,0.336,0.627,-7.463
5jQJJ6zqnjlls6jpSZ89S4,0.62,0.801,-4.535
2EjXfH91m7f8HiJN1yQg97,0.598,0.47,-8.744
1IkzT4wzFJRbFOmKOSqTen,0.439,0.6,-8.157
0wHW7nZlqZqbxnmTotTLGp,0.748,0.855,-4.465
0M3oxmcIljJfjIPhpEwcyH,0.564,0.519,-8.231
0Ekrxw3lGOi3upnMTH90VY,0.584,0.832,-3.789
4SzyvEZEyXIYiIe4rpsxcO,0.562,0.704,-5.31
4nV2TbyTbGljX58MKwPxvm,0.732,0.767,-7.677
1yjYtmNf1DpfQMjBpVy5rg,0.728,0.564,-6.957
7vQbuQcyTflfCIOu3Uzzya,0.754,0.424,-8.463
6sA555ER0oFAw4i5FmQ41o,0.735,0.73,-9.967
3VTNVsTTu05dmTsVFrmGpK,0.271,0.551,-7.48
1sk1gRQHhySVQvLKEheGmm,0.61,0.794,-4.597
6jRJ1RAvdNxC1TG03VRFVg,0.718,0.673,-6.528
2oFGVKqfwlYJKGzPWFYL9K,0.736,0.691,-6.589
7uoFMmxln0GPXQ0AcCBXRq,0.717,0.524,-6.222
0RCOFsv0uaHhIwjZXJJ5yk,0.606,0.669,-6.949
5hslUAKq9I9CG2bAulFkHN,0.24,0.598,-8.435
27qAMKrDdKEs8HDXcvR24R,0.513,0.583,-10.863
3nAp4IvdMPPWEH9uuXFFV5,0.509,0.812,-5.438
3qCeq0rWK67SoBDgFd2sId,0.514,0.818,-9.642
7fUYUcWy853HS8YJn0b3Sr,0.529,0.772,-7.013
2TE4xW3ImvpltVU0cPcKUn,0.534,0.904,-3.315
1rv46mRwDqMEhOBZ7vODg3,0.331,0.223,-11.274
1SV1fxF65n9NhRHp3KlBuu,0.773,0.511,-8.914
0lizgQ7Qw35od7CYaoMBZb,0.525,0.621,-7.364
2uFaJJtFpPDc5Pa95XzTvg,0.451,0.241,-14.014
4Yg2w0P29BBBMixyeNjDtj,0.598,0.643,-6.933
67mgz7S5y7hnCE63YBjfO6,0.609,0.427,-8.639
2xGO2UjzxeVQSIkyg98vck,0.296,0.421,-8.891
27RYrbL6S02LNVhDWVl38b,0.321,0.64,-10.023
0SUKNXEqZnRw7g0NO139FM,0.596,0.325,-11.549
1IcR6RlgvDczfvoWJSSY2A,0.234,0.526,-11.656
3YZE5qDV7u1ZD1gZc47ZeR,0.509,0.812,-5.439
0oPdaY4dXtc3ZsaG17V972,0.513,0.831,-9.004
5humEOJehpAwMJEJmb0JJ2,0.283,0.095,-17.828
11P4sSu6BH2lAbWk1sL6cK,0.54,0.929,-6.252
73kBsYMLlAQFcGym49f74g,0.747,0.671,-3.51
6mP16Mr2X3ZU2bNmWBUqzK,0.651,0.634,-6.406
41VnmHAkCUsCStYdDUibpp,0.654,0.735,-4.258
0SvD6EdetxVtXei2JhkV4B,0.578,0.676,-5.478
0hz5PNF2wejwUKCMpesQWt,0.594,0.935,-2.018
7LoFMtL7hxP9tr5HYyyUrJ,0.503,0.582,-4.324
0HZk0QsXPhMNAWNDR3rYE8,0.364,0.378,-7.381
5pJGyA4ZtXA43x8FrSPRja,0.508,0.468,-6.348
7xapw9Oy21WpfEcib2ErSA,0.658,0.56,-9.049
4tHqQMWSqmL6YjXwsqthDI,0.418,0.106,-22.507
1LmkdWSxjCV7wKTPsCvYWN,0.528,0.281,-9.784
6IeK3Ap5m3HabwJxgI6eSE,0.724,0.276,-12.25
6pheMGrfMwwnypqafU7d4k,0.707,0.735,-6.748
6s2wpWPFPAgKg2LXxi1Oee,0.357,0.668,-8.444
47ohYW8e7dxCYn9qbUMBCI,0.325,0.759,-7.146
7Ivelh8N9J25Yj9KKxYj6w,0.59,0.396,-7.055
3RCxl6HWK4ADOzMbY8FZCw,0.467,0.538,-8.784
1K0ZirzQ9KtHAKOLB5efXs,0.488,0.511,-6.011
2Kouu3rnDZ5ZVqWtPEAsGo,0.175,0.334,-10.127
72hyBDzwE6Tye56FvqMkiY,0.695,0.951,-3.131
6w1eQ7AxYB8Y6YQGJR9jBT,0.706,0.785,-5.207
6BXGTQLFPeeTg1gQozCN7L,0.523,0.85,-4.464
0YWUHZPJVg4iujddsJDwhM,0.669,0.843,-3.766
54K9GOVJqIaDZNXLnnxiKc,0.658,0.56,-9.049
6FNtYbye5zc3u15hex7H5V,0.59,0.472,-6.404
6dlkr04x93THYt2Cklv91b,0.405,0.4,-11.163
6DVTBu9IYryPTncQvOATKK,0.466,0.238,-7.973
5Thza83zbkoIupxDHf9kmq,0.768,0.279,-11.401
1R8epzsY34G3grJaSToxa2,0.341,0.33,-10.585
1n0AaosQcI0z1OOfXGf2Aa,0.764,0.361,-7.299
3j30Y6jVypcZxFiWATyZ4Y,0.603,0.41,-10.775
4NfGzMq1lwoePQU2Gu91qi,0.346,0.602,-9.148
3zKimXqpNYHep3ma88JWmM,0.284,0.526,-6.786
4NsHMmSMkNo01lOcttVTxZ,0.724,0.571,-3.918
7txb4BYsSxE9wZ2RxFucPy,0.578,0.268,-8.198
4NVCbTM616gB2f1H8AJ8bZ,0.658,0.56,-9.049
1V58xpzVED1k7sWoWddHO9,0.718,0.543,-7.881
09OojFvtrM9YRzRjnXqJjA,0.682,0.641,-8.915
0N1epzTv088kDYdH9f8Tr3,0.273,0.769,-4.606
3PIDciSFdrQxSQSihim3hN,0.561,0.782,-7.444
1TlGXGGjMlV1pQI59Qb6kM,0.488,0.51,-6.011
5T4wJfpwn3sEJdA4OovEfR,0.537,0.583,-7.012
3QqsEc7mv1Kq9aWNpQgHsU,0.55,0.275,-12.585
4WfcvoGZvyUysZBiO7DtAP,0.417,0.167,-12.808
58uudyh1lw0OOIFUYH8NRA,0.795,0.818,-6.757
550rQQCGkrTzvp4SfpOPzx,0.322,0.377,-7.385
13wkp4Ph4UNAVPwf9B04l8,0.72,0.583,-5.875
3QbfCvCAOCrSGNcGjtOjYM,0.872,0.614,-5.618
3S2W0ZX1Cc74sl7ch0ZYQ3,0.543,0.316,-11.085
2Bv6Yq1LxQgd9T35ovMGyW,0.708,0.564,-11.553
4IjUK9pVwvf04yYUn2EuUJ,0.774,0.881,-5.268
4wY8X2Mrh5wHCzZTF1wcYR,0.729,0.353,-14.604
3bQBpGIlToMHfyKtKZwOyN,0.876,0.722,-5.766
3AymrUApW5JKKaNrHQhcBG,0.304,0.42,-8.882
7dpjndI7KXtTVAERTplKMw,0.757,0.603,-9.047
5jK3CBRaXIuuIqdl8CZazV,0.872,0.699,-8.038
7vRKzNFFTtN0fGdkZneMAs,0.582,0.551,-12.019
37t3EbQrZ4W7SQfeBk2mDq,0.684,0.773,-3.374
2vrIP2Q50rshudyAuMmw5O,0.675,0.806,-3.072
0p4TRJB0KEBaeC5yBwLzNL,0.429,0.613,-4.454
5rgStA2VSw8K6jragj6yBx,0.514,0.829,-8.987
3YrTrs2hJbLklaBdhr4TrH,0.606,0.744,-4.661
1rphOlDQNt1BrIvc4zn5uq,0.537,0.744,-4.568
7hr8WWP56K2HDpAYRNU4Xo,0.78,0.816,-6.276
30YZmCLZFmppKPExQteEsT,0.729,0.353,-14.604
1dUuxr1Aa8wfLITDWIqx2P,0.61,0.392,-12.839
2UdBmBTG6AEG5UJrm5QBAc,0.798,0.759,-5.214
3ivYdb6E97oNyy3v3atWGW,0.686,0.528,-6.982
3RvfC2luhuKM1TI4cCNNTr,0.746,0.628,-5.046
0Op5iGBVLyY0G1lDDRfEnf,0.76,0.731,-4.412
14JWdvYsWAx7csssKvakQK,0.708,0.95,-2.047
3p0afbD420yQ9WcrmHu4as,0.753,0.745,-6.855
62L3acprR92NoRib0zWigG,0.721,0.837,-5.508
6nfstbq2klVzE3czDxqVTe,0.808,0.602,-7.528
0ngRr9jrwrd4bhltVSHTEb,0.665,0.664,-6.642
3WS0TcakSQfE0t1fFTQwDW,0.514,0.464,-7.417
14siwDD1osf77j5kwQnlQ4,0.788,0.707,-5.237
167o6hXLQAvk4b4R6kXh3U,0.75,0.775,-4.326
5gFVdvBQ0wVIZPYqrMSM8m,0.708,0.515,-7.94
1NKyomIMeDReZTpcZhJ0h7,0.652,0.622,-5.665
4x4zGJYBa39QEkc1KTgqtc,0.702,0.633,-7.011
5p93LIjxyKzAvwaPXAb3iI,0.805,0.85,-3.304
1hdWqiFAy5hNRxyVpDy81P,0.671,0.529,-7.15
1j7NJW5M4YLFbXFa8kFBaS,0.766,0.782,-4.174
72F8Vzk3VP5VjnKD6xNwFF,0.502,0.787,-7.98
0mYMXqqxLjGTjh5ivcfbNL,0.771,0.663,-8.59
1iBB1eaWLm2B70LqUCdMZi,0.439,0.701,-6.971
6dJu2QYerhGqdyfW5dcgEG,0.479,0.602,-5.647
4MGqsYqOotajwEAtgNVVw9,0.574,0.544,-8.196
1JYPpnalrGZvn64loRRT2F,0.705,0.153,-11.242
1JqrH0LVgFCXzxnmLcJ2WV,0.825,0.901,-4.121
40L4vT3sk7YxFaWLItE3df,0.504,0.742,-4.572
6g0I4Wja1WqnWtKeYEHs4q,0.542,0.909,-4.052
6ioUVzZe5mZCS2bQjh9Ygf,0.783,0.527,-12.383
0F6Y2Yyl5Or7d71Ux8xvnr,0.722,0.698,-9.857
0ZK2jpmk44WBUfe2UV30AY,0.644,0.488,-8.408
5TnPsyYOtMDiihx8mNGmbp,0.708,0.514,-9.802
7w7ow5XrszrokxYGODFPAl,0.708,0.671,-6.53
1cHi5LM8WtL6T7OzyuAWUY,0.708,0.622,-6.129
6K079nY6HFDiA0dx98P4dl,0.634,0.506,-10.12
3Npk1eTTxSkRNYet4PW2yY,0.673,0.66,-4.812
3H2YC5rbsKV4MDmt7JmuA7,0.649,0.858,-3.538
3cJYHDT0jfBt8PLNOsKHZE,0.611,0.594,-7.262
0lPnlw2OqYerwBT9MyoLex,0.592,0.676,-5.45
5AGwTNrnhatFWD0iVDRyPL,0.368,0.37,-14.154
1GgETB3Ixe8suRgOG5BmFT,0.522,0.177,-28.135
0CCWIksRK4Q3um834dNG3a,0.658,0.634,-5.839
7heTgNdtbRD4n0Vg8rGYXo,0.717,0.672,-4.521
79wDKThuLEgiQwJ0onVs3s,0.75,0.615,-9.797
1GidlCiaDOMJA9z52iInt2,0.802,0.684,-6.507
2VPld4xNAVt2fRYN8KY79L,0.709,0.658,-7.442
03LDM6VoTJbfdw1L7USDU8,0.747,0.686,-7.73
6nbmJ9K3iKQPtN5mvo59Xm,0.568,0.566,-7.269
1M00EDfnI8zrf0clHUSJY6,0.609,0.726,-7.014
63t5KcNc6sOvyo0leRzueh,0.62,0.656,-5.374
2CGNAOSuO1MEFCbBRgUzjd,0.707,0.575,-7.546
1QTDh6I7U5UO13uHqeONPR,0.384,0.77,-9.824
48vq6Ru6gsKd6bNrznDAtg,0.662,0.365,-13.3
0HiHVL8iC1Z1kAjV6vZdIo,0.489,0.341,-9.759
29BG2WmjGcikewITCPTP9G,0.802,0.763,-6.719
1bJRd2ey6ER7neSxZwYdAG,0.793,0.779,-4.609
0gHYGd6lrpLbmJBQXD6DB2,0.239,0.526,-8.069
3zZDBxEvVTFbkyLgBzpYSv,0.763,0.776,-5.486
7jyKYXZGo4S8IQy3SrEyhD,0.676,0.776,-5.413
0sUcf62SP72eAP6gYlXdr0,0.48,0.604,-5.448
4OfJXUWS1K5P9YmZYfUeJs,0.608,0.316,-14.583
63KUk3dyJofR03dTlVFmCI,0.87,0.685,-6.707
2oVHIl6QBYy6bSbxTnc6Ee,0.562,0.665,-6.092
6Hp39ODlBU7yusKfv3s0zP,0.702,0.678,-8.246
4k5TLsSwr3I4KJma9XEjnn,0.645,0.829,-5.025
4dGx53NJZJyuuLP5ownH1p,0.704,0.773,-2.28
3cYTdutgaoOt0QOCGROZkV,0.74,0.636,-12.518
6a3FxvRHfa1SwgOqIdR0cu,0.524,0.565,-9.663
23svfEs127SNiNw7i0nJZg,0.569,0.49,-11.017
5B5zMbJGevJihiCeUI0CTC,0.561,0.79,-9.37
7pQA55G6kvMIaNU4UcYktA,0.529,0.518,-6.057
1VhrzhdZxQybGPmGXZeVwI,0.403,0.513,-10.962
2EBlqIr8yZLUqTiWtB9Tgo,0.711,0.689,-7.253
5Coa2Gs8CCXwfQQNoo1xCH,0.632,0.815,-2.185
6NyBfy5d0b8cAf8oPY6LoA,0.621,0.656,-6.556
4OUdNzrfhl2AVu0qTNUIkz,0.554,0.67,-7.124
1gKnoWS17Nf8ZxEev7d3vd,0.573,0.586,-5.459
4UTv9eYiKyTWq3lzj3UWnQ,0.84,0.598,-13.953
55iXmYKWEGVgsMRlZ0C3zk,0.752,0.759,-4.061
3J7shJ3xgZu1qCHl7vkczn,0.693,0.917,-2.531
5vNRhkKd0yEAg8suGBpjeY,0.777,0.783,-4.477
22aNYoaOIkVTaEtb7OOz8K,0.586,0.773,-5.883
4lriIG2vNqwDWzOj2I9rtj,0.678,0.604,-7.926
0vfN1RYc1aDmf46CpE7EsC,0.75,0.44,-8.308
3ZEZUgpOUO4Po0eXtBt4oF,0.571,0.771,-8.476
6eldmQ56gAtXN55c7MuH8N,0.815,0.481,-9.787
6GIuLqI5mWdRicXOpkWFzL,0.631,0.233,-9.644
2Gs30qwB2wCiIYkk8rk727,0.678,0.524,-5.591
25mDnFOFyPmebNAok8mavk,0.595,0.761,-4.619
3o9OeBX0vgh51r15Ta7Dok,0.826,0.572,-6.136
5HWWpSsNnlc2Kyh5QLrq1W,0.454,0.534,-5.852
5Dj3hbeg09MlzjedgKLrqg,0.541,0.796,-5.305
5lTTuESHokJHpSsEvvSR64,0.675,0.652,-5.853
5trI6snHPkJHvg0cygjRes,0.677,0.52,-9.706
2jC0wVAmGQ7zRfP78eR7dn,0.765,0.609,-8.445
5QMrH5nszZZR3nefIj6Mar,0.31,0.303,-10.345
75j42uvZCRoUxBcGsEP9Mk,0.628,0.6,-8.062
2tT8SYE7NnNDKbBsHWPIDY,0.703,0.7,-6.185
5SLs7GOdSvWhbxxJkTqf2u,0.815,0.497,-8.224
2jCTfX2rx7e5uSC17mf8g4,0.568,0.566,-7.269
2KopLIGfST6iCswFBRBrio,0.682,0.612,-6.57
3BvR83k9fPwDZUBwFxBPpu,0.73,0.745,-5.127
3OJDtCdYs8QJnui708tEU3,0.841,0.752,-4.735
0AE1rn2IWQtbmHm6EIpmME,0.781,0.45,-7.341
7ozuGk6Qk7f46owF8ytm8z,0.528,0.62,-8.127
1boq9dEeYMxDFOzmqK1ODO,0.751,0.569,-4.907
1oY0GrXCvkk4Ka4lEPuimU,0.593,0.383,-6.405
71oYEUUlOT1ANUqHei1dKO,0.737,0.843,-6.061
7sK6ThDvuZPH9T158FPpKN,0.698,0.705,-4.71
5MdR2U7mgeQjCedqj5kC2o,0.816,0.498,-9.411
7jAC1Ifo1Qpsf8pKW02ata,0.648,0.62,-6.025
40NDq9cPK2bxBlkPFATZWw,0.864,0.659,-7.586
0nj9Bq5sHDiTxSHunhgkFb,0.874,0.672,-5.568
3D06dCZbYilOFAB8kR5tYF,0.842,0.499,-7.244
5gOfC9UzZQzTyShqPMrpjT,0.761,0.501,-10.759
6jYDGIdyhygAwxvaSpyXQR,0.676,0.523,-9.338
06qMRF18gwbOYYbnP2du6i,0.733,0.598,-8.228
5S8VwnB4sLi6W0lYTWYylu,0.806,0.358,-8.769
0Qv6p0oRQqNZpQMqXcaI8F,0.628,0.6,-8.062
2HBBM75Xv3o2Mqdyh1NcM0,0.571,0.928,-3.725
0RgjEkSbeuStKfT2Pa4Zai,0.846,0.779,-5.363
5ho7VSXSmI2KM2nDjcnLyz,0.817,0.348,-10.213
1SGvjfc85yzqKXsfKcCxn2,0.704,0.647,-7.664
1tse93p9ApWJtMGYRxCKNm,0.736,0.587,-6.99
4iD0Ohz6dx6ii0zTglaBMn,0.699,0.752,-5.777
6OCnAtM8oa0JymErlTYXxG,0.468,0.584,-7.343
44LPPNfJ6lbFHqjK9jOc4L,0.568,0.758,-5.382
6TkXViJUO3SA6FMcrNwlD9,0.729,0.368,-10.765
7A65mp4YCD2HyrYZ7DGIW9,0.709,0.364,-7.783
2FSzMeluoAs0UujlXDAZYn,0.812,0.483,-12.112
6dyl8ljD5LUKZytOourvM8,0.684,0.645,-6.65
7k1NpTv7vNWaZbIU3UxGol,0.789,0.867,-2.895
1w2xhyNViLHhLzrgrOGPM0,0.505,0.801,-7.457
2AlQniZwMjUWcOqtawNvxF,0.681,0.723,-4.9
0Qx1ecCyHjCwGdKy85DZ8y,0.943,0.714,-5.484
1edPU5OOn4YCWn9lR0nesC,0.876,0.593,-4.169
2y9DcLsBiTsyxDszXZQHXE,0.626,0.88,-3.582
2Ug8JxGX2SIRfsYogycZJc,0.533,0.676,-5.442
47p94jgL5CekzREJnOp3M0,0.648,0.698,-5.73
2Mmbr6ghVhs16JmvzP6TDa,0.361,0.515,-6.615
2a4cjRKZCV3HnJavEDVLLx,0.711,0.601,-5.921
6Sgm8FkveMWMOKExKX0Q46,0.385,0.467,-5.491
5diuAWvCyN25sI25FqyfTW,0.754,0.776,-5.216
338Se8AykwAEuu4wawaaDB,0.847,0.543,-6.695
0ffPRT5WW86ecgGWGf5CyY,0.755,0.534,-6.742
18ngz35nTD4rzldysVtN4o,0.705,0.728,-4.97
1qIUiG9nhThK6es9pFMlwO,0.582,0.56,-6.121
1iP7aZUNvyt2EtmpjSbtRz,0.756,0.801,-3.502
4DxbTPS1DUzTKzpNfCbYjy,0.591,0.734,-4.63
7s8qhehMgdXKpixiqyFFrV,0.668,0.803,-4.134
1LNoGh5OXX51mulO24mfg1,0.602,0.475,-13.169
0M02KarGlX2UACt6BJQb8S,0.888,0.621,-4.761
3gTLaJJbieHBrti47DXTUo,0.821,0.739,-7.005
5iviRbXQMPPJJrK6nTjYGA,0.807,0.407,-13.399
4lnLVhGxv1YnJEJIComb9x,0.572,0.568,-10.935
2WGbAvCCRcgjDeG3ruwgAS,0.742,0.855,-4.842
2N0SPREDYqILVEFSsWF5N5,0.633,0.607,-6.182
2y5mEYDDPoQCgz55sP3eUz,0.658,0.793,-9.526
58dt55VkE8YEosFfseVPZ3,0.654,0.58,-3.596
1cRtvrg3obMXE8ls9Zxv1G,0.707,0.855,-3.459
4oLUnSRNwFhnKj8TkSbCFp,0.803,0.531,-8.651
5LsAiClz23EjfEvQpyzuUi,0.913,0.701,-6.805
2c3MBL8fpnhzBGHFJWQ8yU,0.694,0.536,-7.439
1HQQbaepsGB5uyTAGmSZxj,0.629,0.51,-8.682
3C0qPP1WGafiP35QEc56il,0.344,0.51,-8.449
7zPIPJKmtJxK6CpVOntCxL,0.7,0.746,-6.301
4YX0HMD665kmWsetqE0fBg,0.739,0.58,-6.463
7AlwfbJ4nhr7JnYwoSgAkM,0.868,0.807,-6.099
1nwKq6t4wpKLK2bWkDVm3e,0.808,0.784,-6.467
6QMXFOrO3SLcemX2lGRVP1,0.792,0.459,-9.523
31pd4crQES4hOaWHGIpzXI,0.615,0.518,-6.087
2ZDJ94vF5qbZuIoA0K5ajQ,0.801,0.621,-7.97
23PQOfRFXeQ6ZR4q7ZfM5r,0.55,0.293,-14.04
0dYNnBMNujBe6v9JeU5NC5,0.715,0.478,-10.85
7DGeMF5q4UHXYyElvAiO2j,0.421,0.283,-12.011
45DB3yqxYGAnKN3YmLWbAX,0.487,0.711,-4.22
4shPUsBRT2VawoI61dtQjX,0.655,0.492,-9.693
6hu7ohshZYd40JPFORtExQ,0.664,0.585,-4.852
5ZcwLwtRfs9x5kbRhFhaCR,0.59,0.444,-8.945
4VplahQrqfyJoLTcZEouqy,0.533,0.91,-4.479
19P2sdYBJRyYMcAB527d00,0.747,0.407,-9.747
4anVhqcUQ6meMRdz8PYFUy,0.803,0.455,-10.209
3vcyIbrdxudWsWEDLU99KO,0.453,0.623,-5.764
4kGlAkGC58crFvxfegBhNs,0.878,0.683,-5.562
1Shm7PuL3u4Oe6eT8ZBxez,0.739,0.667,-7.627
2ynH9ETEo4OgLxNLJrcMKP,0.723,0.712,-5.375
2SbK2yP4FlKvl4s2WTBZni,0.436,0.805,-4.648
0GAhnbTVdovWR7jeYtmrba,0.766,0.625,-7.564
5Oo9D3xJJ2sF6HWiJweV0V,0.586,0.771,-5.764
23iK2aTjEEG30dx1uuSXc9,0.67,0.716,-5.244
2stYCm7UAyZ4srGFrI4MNX,0.515,0.511,-5.897
1JkI7KcMNuIBZZoWQkcveV,0.678,0.729,-5.379
7vqMCnrAbZgii8eJZbjYjF,0.504,0.696,-6.321
4aVb9zsSog1iiU0OPym3mV,0.66,0.58,-9.953
7brXEcKHruLMO9yY2v6NLS,0.773,0.575,-10.156
68MHaIKex0mbgEADoBaWaG,0.481,0.418,-10.321
5U8jvRKKzcc3XjBB2CNZaZ,0.732,0.767,-7.677
5YnGm9ezx6z6xPIH35IncQ,0.912,0.679,-7.604
6A64bcabcBqVb99fdsOvoY,0.828,0.66,-7.145
6Ff60h7fShfKTq3T8mONlB,0.717,0.72,-7.205
0gOjMBj92rLOX6M134LMMh,0.864,0.765,-7.233
71Aj0joTSW4wv8olaHNBvK,0.708,0.488,-8.195
6zECxDYlNtEybq8hZ9Tp12,0.614,0.622,-6.989
5OTgVw7hvykhv9ZPK7pyI7,0.834,0.909,-2.934
7u4Y70JYM5AO3Q45whDJbB,0.541,0.796,-5.305
1tTOuvmJvZ2DACbTLkwZIT,0.799,0.835,-4.608
1z9TztWBItgIKO3vmiBB9d,0.729,0.786,-6.956
5PuO3krQlVdYAblwsbbq4m,0.859,0.749,-5.925
1Koas8a5gP2au0Jgbb8YUY,0.658,0.527,-10.093
65vWYKMJK4sb6HayK7OdJH,0.823,0.706,-4.499
19zZ6CFn39KaEgwlnxEtEa,0.767,0.724,-6.886
265p7dXIc7D7TUBqmXmN4B,0.557,0.77,-2.776
1UHS8Rf6h5Ar3CDWRd3wjF,0.739,0.727,-5.968
2cZ00x4yqQtDl4AQIHMb1y,0.622,0.571,-7.833
0cAdtf6J8dsPFi04OVpKzx,0.496,0.404,-8.967
0cR8kk0BKbJzgNNTEMJjqZ,0.626,0.88,-3.582
5jw1cv3MgIDqrsbrBYFt2e,0.755,0.598,-5.162
1uFW6czrHk5PsK3s6gOI7C,0.689,0.743,-2.817
03IpZ9yqJlo3EIgDQUgBSF,0.556,0.724,-3.165
3mg9jYNC1NihbthlglzrWP,0.848,0.712,-3.574
39Pc4a04VgCtcc7m0XKi9M,0.629,0.643,-6.908
1fTjqf10accJCDYstPwwZ6,0.775,0.581,-3.621
1kyLInQ2qgYbK4wZxllfV2,0.707,0.719,-4.963
3tMftGMXTPbQlmjh4FzXpZ,0.665,0.544,-3.648
6i5qhmmF9UNUBRyrPSGn4m,0.51,0.945,-5.405
3RSjjjs5bBLg9pqrtnacvC,0.619,0.0983,-27.334
6o8xkwILevddKUOA6rdSMT,0.86,0.852,-5.306
5wKPW5Df9Clwn2TmAvkQks,0.657,0.851,-5.251
38pNZU3kgTMpP59E7fvJUh,0.642,0.828,-6.933
1S1WtutWfm67FSZqvSQFul,0.872,0.196,-25.258
7M8oLiR9q2He0mnJVLYYYj,0.717,0.809,-5.881
4ERWqVw8qbX1enXHkYEH0C,0.655,0.365,-13.313
5EeDZPNPIjEtEZsHMkX1m7,0.674,0.641,-6.893
5LveNwV4aDPCWAclJpaLBg,0.84,0.612,-9.402
7cMhicmOIwfJlWURl90AOc,0.69,0.803,-7.339
5IEfvd0RtX7WITYPiM2cN4,0.913,0.753,-4.802
3CdFVH8SOVnvT0sJLT198p,0.591,0.594,-9.017
2faIxCZgisRYMiegNNS7e3,0.68,0.775,-5.365
1zLscEYm2cKiTAunAvZbjv,0.792,0.591,-9.162
5QjmUqgpPQgXgg4606DqZF,0.705,0.783,-4.783
456U68M8lIymkz56Zroxh8,0.837,0.621,-7.935
3k4gjmYNJugQRlh2aounZ9,0.55,0.789,-4.634
4h28q7QSDbmiTKw9ziSujA,0.621,0.573,-8.907
2ceJa7d62wQ3eRBK589ALG,0.558,0.809,-3.474
2LNf69ZnFFK6qKH9qW3GSK,0.682,0.746,-5.614
0VE1NQ4QwD6B69kSMfpIG7,0.757,0.592,-7.832
4om33WZRr4H5nNxUQKntyI,0.75,0.739,-3.384
2cFTzmvErerHBLDO261Q16,0.626,0.516,-8.65
5mFZipkX1HZ4Idz5LOWpzq,0.622,0.936,-2.72
0J1IJsMbKWb5g2sJArTkGF,0.516,0.868,-5.148
6aCBjSb87RizdH8lVBIRW7,0.541,0.757,-5.37
05pOvEKVCmErFLXfxS7a39,0.852,0.665,-6.691
2vDkR3ctidSd17d2CygVzS,0.778,0.786,-4.473
6Swd0Th7cvQH4bywi4eHak,0.938,0.673,-4.027
6C62U8JswctViapGU9eiw3,0.227,0.485,-5.387
3o9I80lI4GL8CxjnGirdd9,0.159,0.0364,-18.292
3bY8hZbtWQpCOGHi1IZvz5,0.738,0.785,-5.003
4oAgLthKewgE1tnGd22Jqx,0.409,0.181,-14.4
2AGcRPD5SP8hQLmxOli0wW,0.516,0.58,-8.092
2iaPKfLiVsnEFjqHYExHCW,0.702,0.668,-6.381
3Fg8eOwcv5ctsjYYajBzFk,0.64,0.701,-6.559
1f18HzFpegqvH4ibGJyeMJ,0.608,0.806,-3.443
63rx8LjNlbbpYTqNKLJtN7,0.761,0.591,-3.848
3ZZyUf7WkhfN1JkQZZ00fI,0.476,0.908,-4.569
7n2iLVGvqGR0FLcfacwi2M,0.795,0.527,-6.89
5FDmZWWDKd875GWf7v6sOd,0.624,0.716,-5.412
7diOv6wm3ngF7Vt6ubK0Sf,0.515,0.654,-6.349
3DMcsloRh5Rbf0oMBeMOhY,0.629,0.865,-4.392
3FQ5BOtI48xiIjWesIXvET,0.746,0.792,-4.6
71T6RLSxxPbDTskWGoMhI2,0.592,0.607,-11.318
4fejBXInswcgNhzuZTFokR,0.838,0.838,-5.35
16mGbBq6JHxw3WKxiFbsHv,0.813,0.778,-5.045
4kmGM0IbzDPr2rT1nehI1r,0.8,0.462,-9.53
6a9Z1jUms915w4O7N1PxjY,0.725,0.709,-5.017
2eQFYGegTZaObk2kuBz83Z,0.736,0.888,-4.518
0YvkS7JMZXQXt041Y2QmWW,0.692,0.475,-13.708
43lpxVZbcOY4ew0M8wIhxR,0.554,0.838,-0.261
2vE3ycwf1fDcPt5v8RykaT,0.686,0.76,-4.809
06JM1fuKPQOrSL6s9mzDvV,0.721,0.731,-4.273
2atFVwmCuqUcpvdB1u0G89,0.705,0.413,-7.89
1DAWkOlV6rBUte0wgJW82h,0.711,0.813,-6.37
7BkzAHnNW7WfrT4NcLaUDx,0.576,0.948,-4.082
7M8eZBRTD9QNasEVReEM0H,0.442,0.968,-3.417
3KjhBp5a2tFcmN9YSPR5r3,0.794,0.756,-7.586
3w73qvCSGWPCx7w1UMIh6e,0.751,0.741,-6.04
12zzuRnz63FyuBtgTP464y,0.486,0.699,-3.687
6Iw0IFL3iruOaAsZPUU7o3,0.688,0.528,-8.204
4ejn3u2wHmV4lQ4WGWIPeI,0.674,0.642,-7.871
2Mv0GikoJ4MwwfSaYyERKS,0.616,0.495,-6.373
4Y6lqLofTkNlkdkw0IAzJR,0.763,0.376,-12.26
7ng6gYGiv1T7SCf57wGxgl,0.639,0.946,-6.572
116aJLV5ffatPjAZ7h8U5R,0.638,0.558,-7.949
4lqJsJd7kqWVvamQ4aFHA8,0.728,0.688,-3.552
5UxEKpzvvLnjoC10XoogN3,0.688,0.679,-4.477
5tZgkV8FTe3rtl8OcSeQAb,0.675,0.697,-5.795
6XPANimHsxSvrJUmcTHDeW,0.516,0.629,-8.661
6OWopYtqjXNh4rtJHsqYHz,0.757,0.579,-9.569
67UrPiGaqZxM5FCtt6lFKi,0.679,0.453,-10.594
5sDbTexjIRZ9BgdcYoD6gb,0.804,0.477,-6.864
2PnlsTsOTLE5jnBnNe2K0A,0.466,0.872,-3.344
2zK9eC7a1nwbINemfyKFKB,0.771,0.726,-6.683
5Hh2VJj7bOWGsN0Jw6smwt,0.51,0.945,-5.405
4jHKXjkpg3pWQrk9s2jNgt,0.814,0.58,-5.622
0ub7PGAoZAeRiinkrRnlKh,0.745,0.662,-6.81
2rpIkmBVX8wCsGcJytW9IY,0.913,0.579,-4.875
5qWtMSb8VZuwAuHKO6a2f0,0.564,0.708,-6.317
3KmGOpeFaltoCpzRAyrZJg,0.904,0.651,-6.881
5496lks6V3fh1mZAB6IAap,0.741,0.754,-5.412
5ZdTneUDYgjrg4ZoYb3loz,0.774,0.56,-7.339
3OkipxzNcMVBDdtp0193hA,0.687,0.727,-5.251
6sffKkqijCXUkpWzvwHNlD,0.569,0.762,-6.971
0w0e3Te2Rd4t8gGKi3sU6a,0.819,0.531,-14.178
79j3Cl3AEAEhXK9cjjfd02,0.839,0.77,-5.156
4eo11GQla5DlqMHQ76ym3l,0.693,0.658,-5.258
3fgehc497TFqKH1zBL2YNK,0.571,0.928,-3.725
2byoNXF9Y6qhIGBq33ATEm,0.919,0.623,-5.312
4JJQyGWn7U6UfvWgAqU4Y1,0.849,0.754,-4.811
1IhLb5tqlGsVFGwX0Xr9EJ,0.868,0.799,-6.541
6K52pf928JK0WkxUn5Zzy2,0.725,0.911,-3.347
0VBFANoEYSrWF3lOEGsAqC,0.701,0.387,-10.795
6ifKXZTqAuLA35TGCVuGBU,0.688,0.513,-5.97
7m2z3y1R6K7ZXBMYeEK9zn,0.8,0.696,-4.603
6JCjcuo4VKAP4bHhbHj6fe,0.772,0.569,-7.006
3SYHVGpbPQ8sPCRosoA9Wy,0.522,0.105,-23.388
1zCPJt4raBGFO9r1ENUQhl,0.75,0.44,-8.308
0ekPdADMjk6VORttJ5MYh0,0.676,0.523,-9.338
4TMaPzyzoxYe9lOj0dU2t1,0.801,0.621,-7.97
1n9LTcpwfT7ZdxiWrvSCdr,0.786,0.865,-6.953
24p1wHRD1yTaKeMX8vUfVr,0.708,0.488,-8.195
1QoyuMHNBe7lg3YW4Qtll4,0.576,0.884,-5.058
1XtVtRtoHFOnn8plAirGWb,0.807,0.799,-7.011
6jElwivDtkQUv9QFGrdN26,0.709,0.736,-6.297
6zoZ6JjYbCNw3wHOfzVm1o,0.73,0.795,-4.913
4zBNmCPinwFF4mGgN8WqfN,0.574,0.603,-9.675
2wmNwZJqA5gSloh13WjraI,0.751,0.534,-7.675
4PARMoAgm4LG2X8pfJNoxI,0.585,0.754,-5.89
7nFkuKdjETGOdIZDBL78ou,0.873,0.715,-5.534
5wbg8kepMFoMzHOEuxiI0q,0.586,0.72,-7.984
3fQpve3m3CpcRwRDUymqs0,0.808,0.657,-6.965
63rRgkllF0FDeZ9fpOkFKl,0.544,0.616,-5.435
3pPMgoouYtezLiBTEeL9be,0.919,0.609,-4.492
2uXlHCUbq9OMUwx3hrk06o,0.483,0.731,-6.696
6RjSXi9cPGroetXeNsWFGL,0.492,0.427,-6.37
31EsbpCFl01yQtLncNdjSz,0.759,0.676,-10.074
1qlXfJNWyNwIXYnlqmqV6u,0.751,0.873,-6.265
0RJHLXajHNw2QrvnT709yQ,0.744,0.637,-6.283
19DHPlTC2gx1j4jrFzNbwL,0.718,0.732,-5.661
2fwe8oxvNUUvvEDAth54jN,0.533,0.729,-6.178
7EeEMoAJVKzhO5uqNH7Oqm,0.691,0.763,-8.285
0MxrhY38KMtQ4MNwgm4df5,0.725,0.808,-4.929
42wdz3j7gstgUuhoFLCXqd,0.763,0.519,-7.426
6o8ijxLIqt9GGif6cm1627,0.595,0.63,-7.326
0bPP5cDG1ZnbAVCEa3ZbQ1,0.872,0.696,-8.565
3iPXj1hektr0Aj7S3I3txq,0.631,0.615,-6.969
00Imdq7NDBO3zbbREGgUOM,0.819,0.721,-9.564
5PnvmN6EQiYKPx2oT39DDa,0.621,0.574,-8.907
47tS35fPyJjIHLk95OBeHc,0.843,0.737,-6.166
0CVFLeX7D7K204cXJ6nxCH,0.638,0.791,-4.638
5AajFA0IrhC8Qp4wFS0IjV,0.797,0.62,-7.964
06G9w3cEqRAHaNhIgnefP3,0.646,0.829,-3.832
06oerFxmu75y4I5xj329kD,0.739,0.569,-5.457
3Oq5WflK4XsiEhMU25E9MK,0.685,0.687,-8.472
4utjEtHZpJmCqdD9KtpBJi,0.694,0.793,-3.719
0pWWXHcu4GbLCZhNHKvBWp,0.824,0.777,-6.801
1uUo1d1amOQEfjOWirEw5Q,0.77,0.461,-11.066
4QuzAPUjXp7Er4gCUUkhUr,0.547,0.689,-5.734
6KrZjI3fqzqctnmO0MjC4d,0.785,0.685,-5.96
4x7peu8R6VGEJSzkYNlypW,0.874,0.684,-8.41
5011v8IwA4NApxQ3ntw6Ih,0.898,0.541,-9.352
2sfL5PDP2uid2zbDYOLaPv,0.799,0.759,-8.618
0itv2Wy3TruEEZy4dRsu32,0.463,0.629,-6.678
1cTamrfYAUHnoiMf2gpq55,0.702,0.491,-8.767
5t1Jflrz9QAeKYSbRcmO2n,0.745,0.719,-5.827
5GeN0gpPteAFIlFFJRN9HI,0.659,0.543,-7.494
1mOLBCX3IRwGNDLqYzXpM5,0.552,0.631,-8.452
3FP3DPRN3lw2APlsamN6yk,0.732,0.703,-7.875
5iEKaNc3e4tksp5S5SxW4o,0.678,0.719,-5.005
14wiEbecEf1jSWiflaxHvA,0.846,0.847,-4.506
1y1YP8a4syyzDQvukhuhce,0.581,0.633,-7.579
3bVyVZX4GQQujlNefSP5fp,0.646,0.582,-7.574
5ubQrs2wWoSgRwEaPZd4eS,0.731,0.716,-9.122
5JLbgRkto4OrrkWgAHcJZT,0.731,0.413,-12.253
3yDRcs0Y4pPzkvMbUfeF9H,0.733,0.786,-3.951
2c7z5oRcPBbqRaBY2mLWcf,0.757,0.628,-6.715
71vWRlfHefIMtoDnUPtXcf,0.717,0.626,-4.373
4qdGZUy2bzM8GB2qBaMWpR,0.813,0.721,-5.532
0kN7F9Hc6sjJ5WPuuyJJNi,0.705,0.662,-4.047
3PDMXI7XWkuPOxZ1uNB5O7,0.645,0.723,-5.295
3Pbp7cUCx4d3OAkZSCoNvn,0.527,0.551,-11.258
6IcsbETuviVu6UTiBTcxY4,0.788,0.627,-9.072
6IhXzdmguuxDwrq257ib7l,0.651,0.311,-7.792
58bJEXo6sVA9mxLWVMP87K,0.643,0.535,-6.562
5ER5Fr1Cv7N3chJhAapt66,0.778,0.503,-7.772
0foydiyTYRRXL58A2RLVY5,0.773,0.868,-5.457
3DzlYr3CACMKxmBHqf24C6,0.727,0.567,-7.46
0VaeksJaXy5R1nvcTMh3Xk,0.373,0.818,-3.19
2zASmTrt3BKblrAwVfcqfZ,0.753,0.667,-5.423
4cgWgEjmaMICqGyt8Tc6JU,0.625,0.842,-2.649
3hJKLXQm0js0n0Iym1xbcf,0.869,0.815,-4.599
5x2xRWcmjgkDkvShlGKkuR,0.9,0.353,-10.293
0qGy0pxEhbiMsDQhwOKTAg,0.674,0.642,-7.871
5Cs4kQRpfYgcBMFsvezdbZ,0.78,0.772,-5.821
00EWeXw1RLUwCMw8pxtXAE,0.543,0.587,-7.709
0io16MKpbeDIdYzmGpQaES,0.882,0.645,-7.233
53qdbojYem0XyIBnXxtp36,0.693,0.79,-8.694
2jOOrtPppgKV7ELxy4KmpD,0.828,0.386,-16.795
7sCy2Xzs12MKH8JQmgNANq,0.869,0.479,-9.031
42VsgItocQwOQC3XWZ8JNA,0.569,0.882,-2.777
39zEhtL1tPzBUD8T1ZOWKR,0.818,0.828,-2.635
1BTuLvcRQdmPwhGyvUJxpY,0.646,0.661,-4.006
4rUuiCQ8mOiZjjXEOHfZyx,0.791,0.514,-7.508
0yc6Gst2xkRu0eMLeRMGCX,0.369,0.468,-9.013
237OELq03CgubC3t7LwvUq,0.796,0.745,-7.019
1fLikJG9fVurWuO2Ymv8sJ,0.706,0.524,-8.468
4k996Q3icD3pl1EhbtjlrT,0.735,0.817,-4.331
5O2P9iiztwhomNh8xkR9lJ,0.672,0.52,-7.747
6G15l720kBWvIQZyoEJEYE,0.741,0.754,-5.412
6lh2ffoPLl72dLcoM02cH5,0.664,0.593,-5.646
1emJPywtseFLmLCcPY92dW,0.719,0.799,-4.641
6UkWHKeFWayE2Koj2ZB2bS,0.741,0.292,-11.124
4DvJL9DY4YIL2b5tLTZMy7,0.704,0.67,-6.716
1oZQMIQoP0T3Dc5XKOdap6,0.815,0.687,-8.268
6vDxjNLrehdIkaHQ8nMkaF,0.604,0.863,-6.164
1cJ2BnE8d9BfxyM6aTvSHH,0.826,0.772,-5.054
5W4x69K0yE0BxWl9Ac8gON,0.637,0.561,-13.372
1YdtGoSYDvVQKoUqSDXX41,0.38,0.784,-6.004
5RePVWy39tLpHH0WwXgBsK,0.661,0.878,-4.099
3tFed7YsjGnIfxeLEQwx3R,0.505,0.812,-3.986
5Ac0RG0vnlsy3e5eeYEryB,0.625,0.692,-6.297
5NixWTjP1VXRNsePx6mr4o,0.622,0.807,-4.964
0N7pMSmedXIrM7RTor6Ke4,0.623,0.643,-7.92
6jJ0iqIH1CBZgvGnzsFryX,0.469,0.755,-5.716
54s2e5RFZQ7cSWBCssnlfA,0.445,0.58,-9.181
2avr7NLad9D3g61P8V5fLL,0.651,0.832,-6.722
2FqfnFUPmMXVCXKrKno4Zq,0.496,0.385,-6.915
5116BQqgzOZ24Dx0ZKkagU,0.566,0.829,-5.315
4wpaFKOjxV1GzBvCy88cYc,0.814,0.622,-8.531
3OTsXBsaIyUiwrWtKpVfsI,0.803,0.48,-7.879
5TPqk9VWeoBRtV8UrN57ra,0.857,0.74,-6.663
1Bds1PSumHSeVQFqIWc77p,0.939,0.634,-7.257
1moKZKZydvCRie5SQ8wlis,0.676,0.544,-8.048
4Kxn0Ix6IDWLnkGxmb4i2D,0.834,0.54,-7.128
1LY3GhF0zxIVgbYEQjCbUO,0.68,0.721,-4.379
6thXB4RmajS4oZPNiBAKy0,0.778,0.719,-9.698
63y2aL2dT6zzw8FOSLaNrp,0.669,0.448,-15.442
2LlQb7Uoj1kKyGhlkBf9aC,0.771,0.687,-9.814
0xxZY5C9xxij3D1HkzbnfC,0.541,0.504,-14.191
5t0pLWfUeP5fYVxKaMB2MD,0.739,0.639,-6.821
0mEyPi2ya8h8632gp9XmmQ,0.793,0.654,-6.148
1CJNj8Qnpoz6lyil9EgqfE,0.747,0.587,-5.279
2QN9zL3SzXdGqqmXO68gFp,0.788,0.576,-6.996
1sUdq3kWa9dJXHu3eYOUll,0.772,0.788,-5.414
6MzofobZt2dm0Kf1hTThFz,0.669,0.561,-6.538
0wQy2OO7jKjm0OOmA7gv3f,0.775,0.852,-4.813
1E2flGJxXQNeBLRqQXiAsK,0.835,0.856,-5.102
46aH7ZYbc2P5qQno3G49OH,0.629,0.622,-6.976
569uHYIB0X324FZOBEhvit,0.778,0.719,-9.698
3mhsDyQpX2L8sJMdWUHOi3,0.567,0.508,-12.823
5ArcUruMjZyrHzQ0QilgJ4,0.651,0.699,-5.729
0hua7obC2aRxJdPkSoFKEu,0.627,0.703,-5.062
3BZB8nRPdxDmG2X5Mzlq7X,0.663,0.685,-5.235
1Pr2Fzp0UO1h7NrgCbCHGx,0.931,0.712,-4.786
5BqTedQR0QEN7UkyvEKNeS,0.602,0.741,-6.308
0XWzwurinuiDIyvlq0lx93,0.738,0.79,-2.945
7ixwvAH5KCIvMM9RU2ZQtU,0.683,0.72,-7.99
0dLdTvslcZVsncSMyVvP7n,0.793,0.753,-4.385
0GqAWZe1A5ecKadZrHk6XH,0.924,0.739,-2.705
5650jkmPhrqy7sdXQ9O9mL,0.793,0.661,-6.731
2aYHxnMF2umAavtgBvmkY1,0.77,0.859,-3.382
6Ugxim13DZBYRnORyqhn8m,0.744,0.802,-7.117
4CNfC20TImtjdwN3dG0uCF,0.697,0.735,-4.16
31QZiTirBKcHoVcZLROe9s,0.712,0.807,-2.616
2PYMw8P6kuCHqhltz47XMr,0.836,0.591,-7.162
2FMNFfVVGy7ntA0fbBb4n1,0.638,0.806,-6.544
3t4IkHfT4eXZggkupi4SUe,0.55,0.789,-4.634
6VkzZ0I0w2CE3EIGbyMeeu,0.85,0.721,-7.274
3Umj02ZNl4d356pS1D38mn,0.495,0.784,-7.027
70B7OtJOEEOQ0UYNvjpWWG,0.795,0.438,-14.654
6ie0uyyvOKTTuIFBMPiNIl,0.622,0.661,-5.906
3GdwjAsCsoE79ObhsJFyYb,0.749,0.896,-4.909
4BSR9I4ExlCJdXJo2GpBD5,0.503,0.658,-5.823
3yw3m8wgRB4ptDyAvtdhq5,0.463,0.541,-6.594
6jbYpRPTEFl1HFKHk1IC0m,0.392,0.555,-6.707
4nVBt6MZDDP6tRVdQTgxJg,0.6,0.663,-5.802
65zjjkUwz8KIPNypaHRX9m,0.697,0.616,-6.315
2miptNhVu6KAZk5aaSUB3Y,0.785,0.657,-7.151
4IM8WcV6lgjQeBbOA4JaDl,0.444,0.567,-6.425
1G5KFkMaAbhfvfzcA7HEZr,0.646,0.853,-5.614
2wpId6tH11xC1bYCqkPY9j,0.655,0.562,-7.82
1tnZxHryc2wWtjUZC1LQw5,0.38,0.77,-5.993
5JgTIfS7FfSE9tuebzX8HC,0.513,0.822,-4.51
6wx0UEozv6e3X16awO0BCS,0.926,0.673,-6.241
0gyfvkV9v7FrgiSp1mGelq,0.748,0.682,-7.137
0EDAdelJuVt815AlBn4HCF,0.809,0.651,-5.863
7bywjHOc0wSjGGbj04XbVi,0.774,0.86,-2.888
4lq4TC1NoJJOOQlNis8YYN,0.723,0.904,-3.125
74H7jyyJp53HSzpcFMLL21,0.689,0.698,-8.373
2eA7dKu4Mgi9ieCXF4rmjN,0.696,0.701,-9.435
0aPEp3qLmKjXvDllQ5QwLQ,0.464,0.663,-5.98
3Vw4SxsPsVwG4xwK3Il0mP,0.664,0.341,-8.208
5E1tL0zofGATKf1cthCxwf,0.704,0.713,-7.014
5eDUjRGEYTvEtlGUIOR7Mh,0.733,0.578,-5.59
47w4ZeFDynBX4yEr9hOVIl,0.799,0.549,-7.834
27FjGvxgAwJLchGExQswOW,0.5,0.552,-7.653
5WvEHyZk6m9ij0ajvvqXCa,0.819,0.889,-3.976
4ikvK0etm3r2KgL9w32xMz,0.772,0.826,-4.694
4ssHL7bSnOAE7HjiuLx6Co,0.767,0.803,-2.833
1HGov7XAwy9vx6upqGvPEc,0.875,0.553,-9.142
19KlZwqlT3fguP2BeHF1Q1,0.562,0.917,-2.768
7jfthjlyognNdV2geSbtsE,0.666,0.895,-3.382
5emqWk3rC2dm20H2W4DI3e,0.851,0.584,-8.106
7oLwILcYNPTNbmb4mJOGCE,0.624,0.733,-5.38
1M9jUi9pchew8ahF3rFERK,0.473,0.672,-5.485
5erBXwT46WYbPDOwEEGCoN,0.847,0.562,-8.333
1PaVrZirju9QgP7cvjG1MZ,0.657,0.74,-7.603
32aeRhnsILUPSbPiH5x62t,0.68,0.721,-4.379
2FFr0vdtqPBTK3RW0c7T5C,0.914,0.601,-5.255
5mKHtB2OGDXzbsInzW7veZ,0.584,0.616,-6.663
01XexSX2HDgVDxnnHEBblB,0.668,0.549,-8.024
0sZ7ORHX2NHuIQZjpX0Te4,0.498,0.533,-7.003
7KI9vyPycMZ0Noh51ylQ9W,0.665,0.652,-5.717
6IJuO80Va9Vi7h1STTX87k,0.739,0.912,-4.797
2suOcQBfljDdURx1xHyWpa,0.839,0.746,-5.086
0YiG81JSChnCxKCk5CoRD1,0.414,0.568,-6.119
0JJw1ghkoEu3Yat1uOSjAE,0.665,0.544,-3.648
4rA41YUfp4ZXdmbBoiDJhG,0.79,0.542,-6.51
2ptj53A3ixVzmPtjlsrgxY,0.787,0.658,-4.931
5cOOFI9Z27AEKHXOTjBqpN,0.831,0.856,-10.495
2Doe6AaIpyDy4JvFTsxSDn,0.473,0.832,-5.633
1yZIX0bRGjVH6CqyUW8Dkw,0.833,0.671,-4.993
01CrjNySWaln8aBVJA1MAg,0.549,0.619,-7.521
5pVeRXVETICXpLObQ6gPZ7,0.575,0.602,-6.551
5U8n0sdbPn2bIWMMMIIjSv,0.491,0.781,-4.891
38adAyMqsOEwCdXETWCPPa,0.76,0.787,-5.692
54GIpKWCbM8qNRp0DVk7U0,0.616,0.879,-7.559
4WGi0tOktUgbzYmEqBocQD,0.905,0.735,-3.611
2V5x33qFjc72hmrrtG6ujv,0.778,0.875,-4.381
0AgfINL1TyhtTNRTgen8vu,0.601,0.771,-5.984
3ARYsADbIsYYMbAIfYjqvK,0.66,0.557,-9.799
6Y7TST1IwwlQqGGpmQjfEO,0.703,0.893,-4.378
3ng8tfwvzR4BBwa9yaMms6,0.6,0.939,-1.359
02M3v7yUtJrUiL6u9MMz1F,0.747,0.656,-6.323
1IPHJxo4Y20Rki9beIP1bN,0.738,0.858,-5.818
3FGOQdeN4LxjYAU9eIvqZn,0.582,0.919,-3.397
3Lo7UekbaAJxXoDHX8KUQ6,0.775,0.77,-4.362
2hR7DLN07EZpuGDqdR8Sjn,0.743,0.755,-6.833
69733RBW02Fm3vR0F6iCvm,0.554,0.842,-7.186
2esZG2XFtuoWWA9AfDvSxy,0.794,0.5,-8.454
3zjwZqLebYTDvRS2RJH5Be,0.863,0.899,-1.884
1k2pQc5i348DCHwbn5KTdc,0.61,0.65,-6.199
7ki47EcYaG2p8G3lLqcZI9,0.482,0.618,-7.612
3OdKGNIndt3A6pfaF7BLAi,0.795,0.6,-6.662
2r2lwkgZJbsNCNcWqg1ND3,0.676,0.82,-5.571
0w7vodPWFEcuEYvWpbNbOu,0.792,0.847,-2.114
5DrDpWyvharQkhsloNTN9W,0.85,0.291,-8.595
72PmxZmutSY7f46oIYJFBT,0.904,0.636,-3.34
5nJmvwjSMN7qtHWtBx9pcx,0.816,0.34,-10.677
5h3mQUgKYlSc3vzVxeqSMo,0.801,0.752,-8.161
4TzuhUQ81vpZAs5V3Yk0Wi,0.84,0.633,-8.734
0CPhqd0ZX0CUW2qU5uZP2q,0.832,0.368,-10.384
3HrHhTWonBqF4mDasi8xvC,0.777,0.934,-0.959
1ea8KlPlxVuMTMIDKrere6,0.676,0.878,-5.038
0LJVcMKtAHofx1bBf54cbL,0.802,0.74,-6.269
5ZKMqrOvQojREccebvS2Z2,0.764,0.579,-8.194
0RnKHFU91OI03igwRNYTnV,0.735,0.736,-7.587
4Qj2FSza2IimdeylaLuUli,0.655,0.817,-5.863
29YYz7kw7oplBAwKCPksuO,0.708,0.712,-7.624
32ioWMgkyA6mFcXJMggBoz,0.638,0.752,-6.227
7xViYpmwmp5ANjnhcqr0MA,0.724,0.561,-8.8
2fnhMzGEEPKvFtExQ3FMMo,0.793,0.859,-5.813
4dvHZesL5UKzfJnFH5bm3g,0.588,0.673,-6.406
3b98Oa2M44ySipMkHuWgiO,0.777,0.677,-6.597
7drdP9n1QfwYFlAjMbix5i,0.838,0.692,-7.099
7aVVdI4Pgzq6j5bTjaMMEi,0.616,0.69,-5.543
6c0cbRgAHgRqWFTQ34U69b,0.538,0.542,-6.647
5ZvG3O1YIn0w5HB4WnUHDP,0.581,0.488,-6.297
7hR22TOX3RorxJPcsz5Wbo,0.619,0.843,-5.348
09euCRsvlEzWORyg4rFmcZ,0.722,0.73,-4.805
3tL63sIiQeAbuAlK1SOszo,0.714,0.82,-3.654
383ykL7v9KTQJt6N4jrp03,0.608,0.813,-5.381
0BA9YjmzPBp2z4WYMmQInl,0.81,0.513,-7.842
5xAuDWau6n9pEzN9pysxo3,0.732,0.836,-5.725
0p0rMY8y45ogIbZLp03O8H,0.779,0.501,-5.135
49ftZlRiBEGzNzKsYFiLd0,0.879,0.766,-5.832
1OWQtElgSSmAcIT6fZLJ6R,0.882,0.636,-6.876
1bE7Xr3y4C817TAWunZlFm,0.711,0.362,-11.929
3V4qnjY8k0bWxwEemj21MG,0.664,0.849,-5.001
0fPOFtS7ZylYKcC9b64cSj,0.571,0.718,-4.836
3wSZvk3xWv2bzUpUAalO55,0.735,0.721,-4.82
53Fv4ViRUlvuMOhu7QVjZV,0.785,0.703,-5.138
4kDi7X5sgqF0aM74aPBWSc,0.636,0.656,-5.551
0saCzF4CuH4ru3PrGDM2UV,0.691,0.691,-7.313
7wOgZ1otoKYDvKyQKP1sNZ,0.801,0.604,-6.525
4sykJxUsqdXZRqRv1J9fEQ,0.633,0.815,-2.94
2t5zRm6bgu4TRvmELiEsDV,0.629,0.605,-6.763
57gjUsErLOYxTOqyiK6CVm,0.855,0.86,-5.356
3aJT51ya8amzpT3TKDVipL,0.725,0.711,-7.91
7AZ8OxwQ8nDdhQbXVZNcY0,0.656,0.809,-6.028
1NdVyxpoKWcToXF8OwkIfc,0.85,0.607,-6.158
15vGti1ooNZFlDUdlLukX6,0.785,0.692,-5.756
3tt9i3Hhzq84dPS8H7iSiJ,0.835,0.679,-5.329
5tQj2mfKL21L9mQ643z5zw,0.589,0.842,-4.86
5VFRrjZZzTcuiVCEk0fYD5,0.784,0.723,-6.565
1ont88SZ5PWVdL9ON0aGWt,0.437,0.434,-8.093
4j5cQ2vydFCpmR8PnBy7yG,0.515,0.737,-5.263
0W8MQTfKYsEFGzfB8kIjJS,0.761,0.898,-4.284
6PhRhocBXP4y7NpciGmzra,0.805,0.581,-5.091
5VoL3TfSXVzJ5jsa15s11d,0.681,0.676,-5.784
6tBIplB49jOpeMvGvk8zdJ,0.79,0.686,-4.845
2wYEY39laan1ePP1etfI1N,0.901,0.729,-3.562
1xmvq1fYLs9TEgikaFilGW,0.588,0.826,-3.733
2KejCKgm7l3uefW9cFt8cH,0.567,0.785,-5.512
6A3siPf4AgV5jfZua1zHgZ,0.744,0.575,-6.024
3cQ3NejWYSXqL2u4njYBKw,0.536,0.594,-10.806
7zl0YpAOkPDayTz72HgIJf,0.823,0.624,-9.581
2yR2sziCF4WEs3klW1F38d,0.476,0.829,-3.806
35UDMEmFmwJRnSByL4PTYV,0.762,0.546,-7.552
628gpiZGfGTFt6shikJclc,0.577,0.936,-5.341
4URkuY0YjIc1Xre046F0r7,0.81,0.816,-6.76
2b7fifOlRxngkV3rwdqv7y,0.757,0.587,-6.501
7psPH6pwONpzAYLXLcr0uY,0.632,0.742,-5.598
3IecTeGpGfTm0fRvswncwp,0.65,0.721,-4.884
3sIG4gEXMRxPch5b19h7Ne,0.667,0.584,-8.226
3rukzF9QVHpdIUDjYpczRX,0.727,0.795,-6.513
3XxYChcKbjsronaevEAUdw,0.797,0.488,-8.4
4E3rjPctFZLSPxTLvMMuzg,0.758,0.741,-8.5
3Rc5bO1LQjlVPalGDwTsMa,0.7,0.446,-9.567
3O71vkxPcYjozstB6cR5H0,0.562,0.677,-6.392
5hHpRDG6j9HCyR0rTyVYpW,0.698,0.671,-8.23
6im0jVUTuW50jBwTHnMiur,0.693,0.542,-7.232
58Qx8ttdSunlnfKgVrE8XP,0.494,0.836,-5.67
3brSEPeDXaGHUnf3HZqGXJ,0.44,0.529,-7.596
3nQ24dxqvxZEVwlHTeuLz0,0.711,0.603,-7.815
6Y3vVTKOJFWCgBbzp9YPU2,0.873,0.505,-9.003
75iWVzpdkvnR5ADK3EL4gi,0.714,0.819,-4.458
0tQZ5PHjvaTprcgfdbOgKk,0.833,0.703,-4.257
3HzLCE4KDrtwCuSvy8t7GS,0.67,0.563,-7.02
5pYwlWa3wwKlTEyt4jvWvS,0.743,0.329,-8.946
5BOCqcH0TPqMLOo17dFscB,0.838,0.854,-4.148
4zww0H1u0yYvyBGixrRCb9,0.756,0.655,-7.034
3WOhcATHxK2SLNeP5W3v1v,0.776,0.667,-6.622
6ukjhhsHsFqnwx2X95hXd9,0.458,0.501,-7.206
17QN5kFprJqHdHLMj7hz4s,0.627,0.838,-4.131
0X4vgF6kbeFhfASKj0PXOd,0.656,0.759,-3.883
5GZupy8zByqFmXvpwZ4JOC,0.837,0.695,-4.99
4ZRVI6xwgbjgW5SgJB468n,0.637,0.891,-3.479
2ixHrwHianfv01Bc7QGD2G,0.74,0.722,-4.301
2ljA7TjCL9U0UO7P9alF0B,0.741,0.881,-3.498
0NdnLmxqqQZ8hNntW42L9y,0.819,0.486,-9.58
4S61u0InVCx79RqYYMLTgC,0.807,0.811,-6.754
2TWX6XUqmPx44FDOmgtb0I,0.692,0.657,-5.256
5AQyVssLj6Xj5ryPENxntm,0.721,0.605,-8.269
5aMvdnOSZxslL2I083yxvR,0.758,0.942,-5.216
3ovTEUMYEoiT8ikEMVXBmS,0.862,0.549,-6.635
40GuJIybQew4lWrTernb4D,0.799,0.829,-4.335
6JXzku1W9NP02jXNqvY8Hh,0.77,0.511,-11.918
5IiXZCAsi29TOtY3rbmKOo,0.758,0.61,-5.97
3WDgl9kEiGNAerG9FNBL1H,0.639,0.777,-4.494
1qVxFvJoe3xAtxUfEmuAOM,0.845,0.965,-2.89
7gHubaWZNQNvLieogqkVmA,0.75,0.904,-5.087
2FxxKrvX5fZbiS4todDYXc,0.72,0.954,-3.474
6Z1C9gQnScliphROi2DabV,0.713,0.688,-7.819
4yNd1xo3DZ75MqPMscauEG,0.777,0.573,-6.237
1cnILKK1eftHtrSIHFg6pZ,0.521,0.998,-1.28
5AhgANntiBospadlrAKcxz,0.677,0.522,-7.28
3sdvDRHwSpuKUehwVYxHcG,0.876,0.674,-6.124
04g3PRNUhYa6wAoHx3IE17,0.812,0.59,-8.454
3oeJ9cWatzXfUUovbRB9Te,0.73,0.728,-8.192
7qbJ4Dh8xuYUFdAWL8SFPK,0.78,0.713,-4.493
1lb1SBZXMocgE9O93dfxRr,0.861,0.746,-4.36
7ldcYtMOjtX1eFVEYzj2kJ,0.665,0.717,-5.554
6HjrjoukWFraobPYAtCApL,0.705,0.781,-6.156
51eSHglvG1RJXtL3qI5trr,0.432,0.583,-4.682
7lmLYFK8qgMpM7J0qgRLrr,0.734,0.762,-4.403
77XZxN3NqEcGDb3pUa70WS,0.833,0.442,-5.94
1HXC5IiGUqTEFl18IJ42Lm,0.779,0.755,-5.836
0KT1DHLTofoTRy1WTlco3r,0.771,0.715,-7.083
7iUtQNMRB8ZkKC4AmEuCJC,0.8,0.738,-4.26
6IPwKM3fUUzlElbvKw2sKl,0.566,0.366,-12.808
3qcreqi8RaGqahtJSQDxNI,0.87,0.366,-7.503
24hOyYdxmTp3ERdwOhTiqg,0.839,0.682,-7.423
6PX1YSbJraKIRDszpcAY8y,0.847,0.902,-3.26
5xod0Sm1xqBRMpc5qQnZyc,0.817,0.579,-5.422
331l3xABO0HMr1Kkyh2LZq,0.681,0.714,-4.617
3lGNTdyDNDw48crDOu2PN7,0.7,0.539,-8.404
34IZ1Uu91IxjGbGRtW4c63,0.756,0.281,-22.973
3YPWOCQhrJnavJLMnPMzYr,0.7,0.59,-4.919
6DHZdopL90oWrrUsHSyCjD,0.766,0.753,-2.575
5jWdC7hsYj7EMk83U3SXGT,0.657,0.517,-7.98
0taCC3ocM3n9k6SQwofsTA,0.555,0.866,-5.192
2Tq6TvRPymUrGdWgILUxj9,0.749,0.52,-8.732
0dqtnUAiNVHoffw7FUGi6D,0.787,0.785,-4.269
62k8iliO7KTiYp7LWGPa5p,0.813,0.552,-6.328
3X13eQdWezwdzyLdN7mapp,0.694,0.963,-3.213
25iULX1Gp22gr5dS98PRTy,0.718,0.73,-4.944
7sEe6B2uzEziUaMAszvnF7,0.747,0.758,-5.43
5k4p7lgv4amY92qoUrFWPy,0.415,0.979,-3.895
2znPPkwAfVVD7BJtqDSZqQ,0.671,0.682,-8.771
6P9P1j0v2KiDu4vxW3T1WS,0.636,0.756,-3.038
3SX7Wbl2uotkaeKUJkrP85,0.733,0.78,-5.478
3KZN01EuBoqh04jyGXpnxr,0.828,0.706,-6.493
3ywucliUsRVGHjrYXFneob,0.528,0.625,-5.641
00EI0kIF3M2K4wrxJmsXWF,0.482,0.618,-7.612
4rvCmVW04xgYTrQL6owidL,0.859,0.665,-8.101
3BK8HOgD5GX3mfwVytDyIR,0.772,0.722,-6.3
0zrcO7oLJv5hF5nodDbMkw,0.482,0.778,-4.799
04QQKADf45xNvlgJHC9nvO,0.707,0.88,-2.743
2Ipnen45T4dlbKS8I7Bcsa,0.468,0.731,-7.906
0c82YIGpQ5dCaXpTNCk4sb,0.575,0.658,-2.34
0SoBfYjQHvL6cuWHtPUYnq,0.451,0.711,-4.612
5iAfEsRxQ6LjMZ7p2cWeOJ,0.786,0.703,-5.696
1Yz4HZyfi8U1yxvGEghicp,0.699,0.816,-3.957
01fP5VcXu544TYCNSK60ha,0.642,0.723,-6.521
19w88UYPtYpfTfuCKHKT8Q,0.938,0.528,-7.944
1CfXReZpkv5l10m1Zc1mGn,0.325,0.599,-8.358
0WE9ZQoXiqpETmPjRlQTAJ,0.614,0.665,-5.74
28dSyqbD6Wmubk1vp1CKUy,0.795,0.507,-9.176
3nwkz9CX6H0Qie8ehtmyON,0.571,0.666,-4.764
5GJUMdVellleheGdi1gfl9,0.749,0.732,-6.24
40nHQru2NM1JEEj3p8Bxje,0.718,0.682,-6.715
6bALO8Bm07OPy15XYp6Ojb,0.566,0.673,-4.705
6ZCfGA0bPM50DPmcSlJKGY,0.81,0.487,-3.737
2ibFPYHzUnqVpS2rv655oF,0.523,0.409,-5.636
4MQEO1kn7nPytvAImsLyzs,0.633,0.503,-7.414
2vypqMNbxNn7jVrscNxrFZ,0.88,0.606,-10.446
2GXRtFY3WNis04B2L1d7ua,0.741,0.401,-5.749
4jNM7Zdqo6qsotBbUBlKHT,0.911,0.584,-4.841
3AJwUDP919kvQ9QcozQPxg,0.429,0.661,-7.227
2EAvOY1uymm5ZAd0ZbnnPW,0.652,0.815,-4.849
0OA00aPt3BV10qeMIs3meW,0.464,0.745,-3.202
0l3lG8DrnazizwBxGeJ9Qy,0.815,0.831,-4.251
4IHYzgo8bC8Co34J3B59M3,0.61,0.545,-12.401
08IPAPl38NTzuGL86TGJW1,0.691,0.914,-6.3
7ziLqtC6tXHbzu8tWVtC2M,0.762,0.58,-9.219
5v8TAgDkXKzzV2fKNWRMwA,0.76,0.696,-4.239
72jtB2gdVoUhvSWrqfpP27,0.796,0.525,-7.569
5tBpNcPoCTHYVVfOK2ZgAb,0.457,0.906,-5.111
0UYnhUfnUj5adChuAXvLUB,0.492,0.416,-10.439
2FQkF9KXjfn5l79l6OgMMF,0.691,0.623,-8.058
2VSwZ3x3IOEs2lK5IXo8Yx,0.666,0.8,-6.334
7IJgJoEffBKC2h4RBhejm3,0.846,0.604,-8.478
0HbvSt0kGpZuSFC75TBn5r,0.722,0.641,-7.441
2PJOS3HOPn6wcT1gIiYN0y,0.61,0.893,-4.549
5Fyot7NVMcBOEi5vrd3BTp,0.864,0.608,-6.139
4ZJcUPTdyfDf6R9VG2oey1,0.368,0.722,-6.927
6qzetQfgRVyAGEg8QhqzYD,0.685,0.651,-8.241
4EBATplQoU295eNOeONlAP,0.8,0.657,-5.377
2qSkIjg1o9h3YT9RAgYN75,0.701,0.76,-5.478
5N3hjp1WNayUPZrA8kJmJP,0.669,0.586,-6.073
2fjqfFUq64thFsqfKN01kS,0.583,0.665,-3.885
4uzKAj0mIyYmyhsRRyPXaQ,0.525,0.66,-7.094
59guJ6uWOPwPZQlC8lBpME,0.596,0.782,-3.119
25xUkNnc4azNAsli0pCNU7,0.656,0.745,-4.221
1Oq3J5blhz3N6IiWJVZRgm,0.779,0.785,-5.969
67GZhMIBqNdPbwmcQGO7eF,0.524,0.674,-5.976
1LqDW54jByEjfZJMadiLJU,0.443,0.448,-12.114
6gF9liH6UwYm2eQqyuP7SH,0.773,0.564,-6.297
36kPlvgOwqbdMqMyeioRJN,0.502,0.468,-10.723
6Wi8ubwyHMnwjCJxTmoEfJ,0.528,0.625,-5.641
00PdQeNpWlEzqrMN3eauPl,0.767,0.442,-7.714
2cZOYofOX4d6g0OXxkaIjA,0.76,0.663,-4.763
7xLbQTeLpeqlxxTPLSiM20,0.809,0.775,-8.17
14OP5aVwq3aAP2200Fbj2B,0.703,0.466,-7.95
5ILeSLokrX2kWZH4NtAe4c,0.662,0.556,-6.309
2pyjr4JKVkG03LmWBIusur,0.681,0.726,-7.754
5B286OoIX6KAJezPQ02dgz,0.76,0.723,-4.946
7EMzOyDT87Uq9Hi08Mxe31,0.766,0.677,-6.434
5QllDVWTd3lOLcceZsekwX,0.781,0.731,-5.972
6yGTArHwyqc0UxXJqspXBO,0.929,0.573,-12.459
6yoe3RqEVQK6Q2ufcFWGAC,0.727,0.378,-13.559
0QwWAqI4UglxEiVObWCKvh,0.683,0.785,-4.835
3PyRt7gpih7EPvV0fMWEom,0.775,0.554,-8.449
57f0ili5EzdZlEaSKcEg8p,0.718,0.769,-3.921
4oevkKHMUdSJkCspP2ebAE,0.761,0.553,-8.539
3cUlxZ2uuaxQCTBAhqdwVy,0.52,0.759,-8.035
5WMv92RlNQdSEUEU46JBvx,0.832,0.49,-9.39
0upKqTnhLIUUafluo1Hdm4,0.731,0.763,-4.505
1APJ7CaYW3cbQa87AEJj96,0.746,0.864,-4.275
2mYlSgPvC5Np4mDg9DU5Mc,0.681,0.793,-3.47
6NMolbN427AkCc0otM5F8R,0.719,0.768,-5.471
6BfKdypkSis6aTgNTHpMmz,0.695,0.891,-5.885
0tXf2NrAsmeYEhYuIhisSk,0.664,0.849,-5.001
1BXp9PwKtW5AKD0QDdaPSw,0.773,0.669,-5.514
02bzUKyVOoVt7cyVcsBJI7,0.747,0.727,-5.154
5jFA0f4ZDGLbQP4nxzL8D4,0.845,0.583,-3.455
6dsXarPGibMpzgH5OfvC5P,0.767,0.562,-7.443
1XnSv4BUz58CBzioQap0V1,0.897,0.881,-4.637
23iXlw3PYKxuOfrAqkvudK,0.824,0.677,-6.163
1diFo0lFWFR8EWrc6ZIVpu,0.706,0.817,-5.673
1CoPFeke35DJySiGTZNSrx,0.803,0.603,-8.296
6qp6wR3IDPGGSEPJogtkGy,0.734,0.705,-4.209
7lemjnVRAqQtqqLdSqCKqM,0.741,0.658,-8.631
154YoxH1jBXvGOkYeidC8s,0.608,0.654,-8.76
2jnezASa7o0lP6aif6VrIf,0.916,0.578,-6.275
3aCPResPDNae3pXTocGpYe,0.863,0.754,-5.851
6pf7fmrtYcA4WpqTksuh68,0.816,0.561,-7.566
3aSeeZMwVQViHVXHXWPMc4,0.601,0.697,-5.301
6PymaOhiUiB7XwPJ4wld14,0.656,0.724,-6.001
2R7o6Y8x8aZtOqo4QXKBlm,0.597,0.558,-5.849
5XRSmVzOdT0dd3mMEWFnQC,0.799,0.462,-9.529
6O0bKJCz6gITZQgxrHsX0k,0.665,0.769,-4.576
73uA8BvDUEOOknZGekRiiB,0.643,0.745,-4.494
059qzhNaJb8tsqpdl2bHfF,0.575,0.828,-6.599
7z7kvUQGwlC6iOl7vMuAr9,0.552,0.73,-6.203
49H9r25z9itmPUeoOBbJ19,0.847,0.461,-6.859
4WvqHkM4217e14FE9InM59,0.752,0.667,-6.203
6rkZ5afYzYeg2QBYrQ6HHR,0.804,0.514,-10.05
2PYlRGF5Wi5sDobsLH5gLX,0.872,0.709,-7.472
0EIWXIJea5Q92uBlPBhUB4,0.655,0.768,-3.918
2Q4Z2js0C6DDUVc7GuLGdF,0.73,0.878,-3.559
326ALxsYnYfrZcIzOFvsIT,0.587,0.641,-5.672
5QtcghmkREVhNwOFjyOGFJ,0.768,0.608,-6.756
3ppXueOTvYpYp7zQUbuIKh,0.735,0.685,-2.787
5kQwHYmtLVJaBwh6NqD4JW,0.772,0.698,-6.252
4I2SWtTgB08SICbqN6983B,0.616,0.739,-4.925
1PUwncTlHx89aP8nIfObSO,0.747,0.671,-3.51
4IRk0nB8LDQYosqv1qJYio,0.676,0.778,-5.612
14PkTcqjxqsUk5pO9Cz74a,0.914,0.673,-7.511
6leQi7NakJQS1vHRtZsroe,0.681,0.417,-8.172
5tJVkABJRZkTq7Dqjv6xiz,0.758,0.898,-5.485
5Z0UnEtpLDQyYlWwgi8m9C,0.741,0.62,-5.505
4vd7gUuDg8Ks19SzZxzeHD,0.59,0.773,-3.97
0s6VVcHt9LBdoMhR2itOQ8,0.806,0.649,-5.028
0lXVWzLwDnKB7Ro5p0AJPg,0.792,0.623,-4.613
21YPieevMdQW57QSU9vHEl,0.756,0.867,-5.679
3hGgERFoJB6CqSeZmHX5wC,0.76,0.471,-17.611
5GUoPHtamxQuCQRsPs7N0C,0.813,0.493,-13.599
0AmsiROGb2YA8xMTB9XFdM,0.829,0.622,-9.613
4go2q3j92uc8AfrekAjNTf,0.785,0.794,-12.215
1MCEYfRkkCqkDbGUfUKqyp,0.607,0.521,-3.564
4FkFhmuX1rnAyZIp336AdB,0.766,0.731,-5.93
0odvlXjOnmtZ6sZ9CIIvbt,0.801,0.731,-8.214
4gOHziOMkFAqf3qSbF0p7p,0.364,0.506,-9.606
4FyJU6ZOgQznerbkLx10Un,0.706,0.797,-5.776
0sMM6UvhQzDLYGAIruleAj,0.787,0.363,-10.604
0AjmK0Eai4zGrLaJwPvrDp,0.741,0.62,-5.505
7rf5PlPnAowf0ZEIBbtP5Z,0.743,0.595,-6.876
6RvLWcPTuaKfq11vi9csOK,0.91,0.649,-7.902
40p8UwWvpJ8Iiqg4ioy5zX,0.704,0.775,-7.393
0UZOCEkRQ7kBNFH4NZgmHq,0.774,0.728,-5.971
6HfzAzEWhwo19n2jrJnM7k,0.849,0.909,-4.664
7kS2AVRk5Yj6BTj8PyJFfC,0.819,0.828,-3.492
63BVcYK5badAGfZoUJarvK,0.716,0.734,-3.416
7hPuSCBhCq0NEhZ6PPIS3y,0.843,0.593,-7.169
3Zw66L4FvI9YUUx17OReRD,0.488,0.872,-2.476
35poFqiiThWrEIc7DGHvyi,0.71,0.698,-6.977
1SzEKECMSkQkmUNrIZKIiU,0.736,0.596,-9.722
0kcXZMVoH1q923xLM9OKf6,0.786,0.878,-4.446
7CzCgAIc7H5TzZtxUAo6cT,0.723,0.638,-10.046
7dg2q93qomkGaLINDWjOiO,0.736,0.838,-8.321
3CoporxIUp03xrVUaKs2H7,0.794,0.625,-9.356
2qA43s1lwYAtiYa1Y3lOU7,0.778,0.675,-10.482
2ApM2mZoLTVUSfLfKgTbRm,0.809,0.484,-12.983
1M4OcYkxAtu3ErzSgDEfoi,0.868,0.795,-6.044
2TOwRQ8fN69NDxXe3s602O,0.667,0.757,-4.524
0zQydXtbVjEVMwsymWUBIA,0.747,0.537,-9.368
18fmER5eYZc0onTxcI9tnJ,0.745,0.747,-3.945
1fySIg6QY2qyDgvChQv6la,0.77,0.804,-8.132
1wtXpsjzyFyCh4mOtHbZTl,0.809,0.703,-8.282
0RGDLi89VQJLv2j5owaHcD,0.738,0.543,-5.561
3nNKws5aNnTa3tgQOIS5Sk,0.546,0.534,-7.28
01gUeS10npHjLSrrudMVEJ,0.694,0.736,-7.403
6i9iZDCPA2v15m1X1W8x7K,0.746,0.784,-2.076
37tGmKyKlr8vyt9BVdoWQo,0.917,0.658,-7.253
2fFTn0f94EopgZyfSGQuyK,0.823,0.691,-7.322
42F6iAgPGmDRgPcCIdEghu,0.776,0.557,-8.67
3wQQPngZfwK3JP4hDf2KfU,0.619,0.831,-3.92
5syJf0eS8aOziKeSFe4APG,0.751,0.728,-5.306
6rwj48RM8fFaGTpWfdJ3rF,0.686,0.525,-7.382
7AaEI5nXd7NZQlhq8cKJQ8,0.779,0.557,-9.715
6YRObRlRln6sRd7w83l67G,0.817,0.608,-8.481
31IhzT94l1iqqTcwohZzbY,0.542,0.487,-15.587
2i3HnfXvFT371Hbk4oZsfA,0.844,0.802,-3.79
4o9kHw0XBJfGazV6bgttU4,0.882,0.855,-5.386
3zzP9cxOgq3oZvecjBWBw0,0.541,0.69,-7.443
5uAIBprL7nQ6LoxYKW5yQR,0.762,0.587,-7.487
4uja2Q6sXUYoGgjvWUlFez,0.758,0.818,-5.999
0pqnGHJpmpxLKifKRmU6WP,0.776,0.78,-4.374
5qaEfEh1AtSdrdrByCP7qR,0.5,0.71,-3.015
62yJjFtgkhUrXktIoSjgP2,0.448,0.784,-3.686
6OcZP4rUfuxms2r8Mwx5BQ,0.729,0.793,-1.979
6QsHhB0W9GtLF3cI7mUVkQ,0.753,0.88,-3.165
3Sa2gVQioE31DcG4nKNDqD,0.636,0.808,-3.318
0qsKefQyXCzaxjHbOcd8IU,0.519,0.707,-2.26
3iu8TT9y4zaErHoWPn4rkm,0.446,0.542,-10.654
4Ve2bNi34RmVaNKnLh1RIg,0.337,0.638,-9.276
4PSTZL2XEGLcBhoDeTukXp,0.804,0.531,-5.317
567I1pGlfAQUfHTMHbH6qj,0.773,0.831,-4.57
6s5uloZC7XszTefvo2vTEw,0.649,0.899,-2.905
2gmd7lY3QSzLh0xIY4cRvi,0.786,0.707,-4.386
7sAUt67MZEhoJncmRDMY2S,0.544,0.746,-7.479
2Q1wBZMr1KVCPE0pT9rpzI,0.681,0.719,-3.817
0FXnBTA1NzYrIitGxDphkk,0.583,0.7,-4.145
3KeYEr9ogMBemsOfQIJmZp,0.81,0.767,-3.104
48lxT5qJF0yYyf2z4wB4xW,0.788,0.936,-6.294
78Qu2ibWMLEx4M7hlESf3w,0.849,0.712,-3.025
7k3if0qnazNcZEOd0J4LpZ,0.724,0.911,-3.424
6Rc6C6S4lgT5j1OekgI155,0.726,0.632,-8.655
1iTNgKcDKw0b2mRA1rMSJ5,0.62,0.834,-5.945
0t7d6wbJLS2A31yqlHFew7,0.718,0.868,-4.426
1a9QQJfeRg2SRFNxWaEVS0,0.756,0.725,-5.292
1pymWRCuZfCd0zdiBJo0Hj,0.831,0.643,-4.659
4MjqKyPzValK8cxETj6mJe,0.763,0.826,-3.661
1qBAGabuZBk8fWLE0YRS7j,0.729,0.706,-4.09
25yBeIWwwD870aYq18jvT1,0.829,0.736,-6.43
0X3m5JIdxBaVTMnSz34pOR,0.8,0.563,-6.479
3Ue2iavxQaLREs76kLaUTD,0.56,0.549,-7.083
2vxtac8KET2UTMfT0d0awA,0.787,0.577,-5.462
5TKJ3c3FlWa8kZ3YIpRXaI,0.768,0.732,-5.949
7t8YmvE4VUPFOZQV6idqUi,0.639,0.623,-6.699
2sKHevALE8DKDkwEo04Pbh,0.754,0.53,-8.098
4h5Z5rfp8af1RKD0zY8q5n,0.67,0.777,-5.311
5B0k9KlvIo4r2x1kXJbWhf,0.48,0.806,-6.044
3atnoHWVZSbgeBUMoKXCJG,0.784,0.725,-5.236
2D9a9CXeo3HFtVeaNlzp4a,0.564,0.864,-7.111
6Ly2sej01kif21PR7UQUL2,0.83,0.801,-4.558
6H1DuBy9TBVECpECPCzm03,0.876,0.676,-6.124
3EJSUFQGUaTm4Km2Zri1Zp,0.639,0.882,-5.25
7Isi6whc5DD6A5wH5nqyUw,0.886,0.609,-5.112
2mU3I4jfQp1K14JO2PmmQA,0.758,0.781,-4.181
32mjlY9k5lq3UISyFUGWyb,0.691,0.727,-7.973
6TlQ5fbojNRuG0hPQMbxeW,0.286,0.822,-3.366
2Os26puFcTLXTsap0Wasmm,0.618,0.609,-7.487
5L1Zw17VPvmxuWa8PppvbY,0.636,0.704,-5.054
0QDClEFoNZVkSjW6ADTiL2,0.649,0.888,-4.657
4CuNx6T9rJWbwZ4KyEHYmr,0.863,0.786,-4.209
1cXo8i9dgutdqjhjz3Zwqq,0.739,0.766,-6.459
12dU3vAh6AFoJkisorfoUl,0.328,0.936,-3.254
4gmKiblmETOzpLtFIaxCyb,0.708,0.673,-6.664
1KgfeuVn5OlsBEtoEmBa1t,0.335,0.776,-5.32
0UvCh63URrLFcPkKt99hHd,0.327,0.938,-3.237
7pOnWrb3yXx3PeXPj2Zged,0.579,0.47,-10.138
0Rgdhptwk0A3Clbu5RpYI1,0.737,0.725,-7.581
2FNg2tQvzrTJdM42BVtYYF,0.777,0.672,-9.675
5AJ9hqTS2wcFQCELCFRO7A,0.852,0.697,-5.52
0GgIXlhkacCRh30t2Se92q,0.723,0.791,-5.584
4zOfy9kqJlG0ZXvcaSh4gv,0.486,0.617,-7.115
75JFxkI2RXiU7L9VXzMkle,0.557,0.442,-7.224
1MAveYqPQN88vAvsrHCCCw,0.761,0.833,-2.936
4oXMIvg935Nes381qstn5p,0.64,0.626,-5.189
3XxelZxcOZFY4xcXr7ZYvq,0.786,0.476,-8.944
49tdZnvKAnJP6Xb3PUucPD,0.655,0.887,-3.559
1SLxVWqXo9zNrrDKRa3m1G,0.486,0.617,-7.115
6nek1Nin9q48AVZcWs9e9D,0.449,0.585,-6.761
0FDzzruyVECATHXKHFs9eJ,0.545,0.675,-6.474
3RiPr603aXAoi4GHyXx0uy,0.491,0.693,-6.487
0BCPKOYdS2jbQ8iyB56Zns,0.577,0.749,-7.215
7LVHVU3tWfcxj5aiPFEW4Q,0.209,0.417,-8.74
6RUKPb4LETWmmr3iAEQktW,0.617,0.635,-6.769
7ygpwy2qP3NbrxVkHvUhXY,0.375,0.893,-4.097
1yqMgZNrevsWMLWfO2PRp5,0.43,0.74,-7.072
65OR4ywy8Cgs3FDHK82Idl,0.507,0.832,-5.931
1ZymcsEUTGXdIpqzWn8sZU,0.526,0.673,-6.855
2moVjjYXKWy91ih9yh0oZH,0.683,0.615,-5.995
5qqabIl2vWzo9ApSC317sa,0.376,0.896,-4.065
3kafWYTkrtS6vNXdmR7MWq,0.878,0.618,-5.816
5OFVzqSeFxGpvDGyHvVeLj,0.755,0.86,-4.811
0RgvTGup9GpTFJq897mdYo,0.79,0.888,-4.084
7gv9Ky47iGM6LRp5aO5tkt,0.92,0.721,-4.96
0woi2knxQucSRKtrX6a7eC,0.755,0.616,-8.483
231tKrviTP9K4vl0Gqa0QN,0.786,0.516,-10.436
1D2SVYXZdtNfJCg8wZWvVz,0.147,0.782,-5.393
5GGTgkmfEzkhAfmG0hxXk9,0.307,0.873,-2.309
7wBrglFVTNCcW6IhdgBkm1,0.449,0.585,-6.761
1tjji0FBo8iCrr9oHppV5i,0.389,0.873,-4.707
5TOn2uvdEBsBzwQ5atRd2i,0.539,0.912,-3.104
26iieiRiqhzXfBquk8sm6N,0.804,0.816,-5.812
1wo3UYTeizJHkwYIuLuBPF,0.297,0.825,-3.771
6dUfUi14QkuIpGA0GFFPyC,0.361,0.911,-2.853
02ePjHjIiszSYqeLykvpTN,0.487,0.909,-3.484
4gdpQ6zuDsePnD1YIDJCRw,0.721,0.85,-4.186
5N1C1ii0IsKp1Ux3OXUM8C,0.9,0.611,-5.949
1CDQzbCz4KSQxHe7LMEgRM,0.936,0.878,-2.798
